group_size;enemyCount;hasCircle;stratName;friendlyCasts0;friendlyCasts1;friendlyCasts2;friendlyCasts3;friendlyCasts4;friendlyCasts5;enemyCasts0;enemyCasts1;enemyCasts2;enemyCasts3;enemyCasts4;enemyCasts5;ticksPerSecond;friendlyTicksPerTime;enemyTicksPerTime
1;1;0;FOCUSFRIENDLY;3105;3;4;97;162;629;0;0;0;0;0;0;1.26789;0.758825;0.509067
1;1;0;FOCUSENEMY;0;0;0;0;0;0;3120;5;4;78;163;630;1.26403;0.50643;0.757597
1;1;0;RANDOM;964;0;25;4;402;607;936;1;29;8;405;619;1.07733;0.53792;0.539412
1;1;0;RANDOMENEMY;0;0;0;0;0;0;3095;1;8;93;162;641;1.26664;0.50687;0.759766
1;1;0;RANDOMFRIENDLY;3110;4;14;92;161;619;0;0;0;0;0;0;1.26479;0.760613;0.50418
1;1;0;ONESTACK;2160;0;18;24;60;54;1519;5;36;2;83;39;1.20666;0.619851;0.586807
1;1;0;ONESTACKENEMYFIRST;1445;4;54;7;92;28;2188;1;17;22;66;76;1.21609;0.587959;0.628128
1;1;0;ONESTACKENEMY;0;0;0;0;0;0;3100;1;8;91;136;664;1.26955;0.509365;0.760181
1;1;0;ONESTACKFRIENDLY;3108;0;6;102;177;607;0;0;0;0;0;0;1.26652;0.759892;0.506628
1;1;0;TWOSTACKS;2160;4;50;11;53;30;1498;3;87;3;81;20;1.20907;0.619895;0.589171
1;1;0;TWOSTACKSENEMYFIRST;1507;4;100;4;65;20;2156;3;40;9;44;48;1.21097;0.589862;0.621103
1;1;0;TWOSTACKSENEMY;0;0;0;0;0;0;3067;5;6;90;178;654;1.2705;0.508523;0.761972
1;1;0;TWOSTACKSFRIENDLY;3115;3;4;87;157;634;0;0;0;0;0;0;1.26719;0.760868;0.506318
1;1;0;THREESTACKS;2159;4;41;34;47;39;1511;2;81;7;55;20;1.21003;0.622514;0.587515
1;1;0;THREESTACKSENEMYFIRST;1465;5;100;11;62;23;2165;2;41;44;42;40;1.216;0.589872;0.626126
1;1;0;THREESTACKSENEMY;0;0;0;0;0;0;3061;3;9;94;167;666;1.27353;0.508277;0.76525
1;1;0;THREESTACKSFRIENDLY;3100;1;3;83;155;658;0;0;0;0;0;0;1.26294;0.757021;0.50592
1;1;0;LOWEST;2179;5;40;22;101;1;1480;3;95;1;73;0;1.21564;0.625654;0.589983
1;1;0;LOWESTENEMYFIRST;1493;2;106;6;69;0;2194;0;31;20;77;2;1.20756;0.588381;0.619179
1;1;0;LOWESTENEMY;0;0;0;0;0;0;3133;1;6;99;148;613;1.26453;0.506881;0.757647
1;1;0;LOWESTFRIENDLY;3074;3;3;83;164;673;0;0;0;0;0;0;1.27204;0.762628;0.509414
1;2;0;FOCUSFRIENDLY;2964;1;4;125;100;806;0;0;0;0;0;0;1.37801;0.772654;0.605353
1;2;0;FOCUSENEMY;0;0;0;0;0;0;3785;7;11;18;125;54;1.72523;0.765004;0.960221
1;2;0;RANDOM;441;0;62;5;111;781;1923;0;26;8;456;187;1.4054;0.6491;0.756301
1;2;0;RANDOMENEMY;0;0;0;0;0;0;3492;2;11;12;216;267;1.71733;0.753128;0.964204
1;2;0;RANDOMFRIENDLY;2939;5;6;112;111;827;0;0;0;0;0;0;1.3878;0.774865;0.612931
1;2;0;ONESTACK;200;5;5;3;15;8;3702;2;7;3;48;2;1.7163;0.77487;0.941426
1;2;0;ONESTACKENEMYFIRST;10;0;6;2;17;4;3895;4;5;1;54;2;1.72505;0.771502;0.953543
1;2;0;ONESTACKENEMY;0;0;0;0;0;0;3914;3;4;7;69;3;1.73099;0.773724;0.957268
1;2;0;ONESTACKFRIENDLY;2942;4;7;109;104;834;0;0;0;0;0;0;1.38156;0.772862;0.6087
1;2;0;TWOSTACKS;1122;7;266;0;6;0;2498;5;86;1;9;0;1.57233;0.746557;0.82577
1;2;0;TWOSTACKSENEMYFIRST;107;12;323;0;8;4;3502;2;13;3;26;0;1.62571;0.726009;0.899701
1;2;0;TWOSTACKSENEMY;0;0;0;0;0;0;3870;4;25;6;93;2;1.73488;0.770954;0.96393
1;2;0;TWOSTACKSFRIENDLY;2929;0;3;115;112;841;0;0;0;0;0;0;1.38191;0.773854;0.608059
1;2;0;THREESTACKS;1184;5;267;37;6;2;2392;2;80;8;16;1;1.57343;0.75036;0.823074
1;2;0;THREESTACKSENEMYFIRST;110;8;340;5;5;2;3474;2;17;14;23;0;1.61758;0.723781;0.893797
1;2;0;THREESTACKSENEMY;0;0;0;0;0;0;3887;1;21;30;61;0;1.72832;0.771609;0.956712
1;2;0;THREESTACKSFRIENDLY;2915;4;8;130;96;847;0;0;0;0;0;0;1.38422;0.775486;0.608732
1;2;0;LOWEST;298;0;22;5;37;0;3614;1;14;4;5;0;1.69928;0.772273;0.927004
1;2;0;LOWESTENEMYFIRST;16;1;24;4;0;0;3912;0;3;6;34;0;1.72576;0.772454;0.953303
1;2;0;LOWESTENEMY;0;0;0;0;0;0;3913;1;4;10;71;1;1.73573;0.774165;0.961564
1;2;0;LOWESTFRIENDLY;2930;2;8;117;107;836;0;0;0;0;0;0;1.3858;0.773538;0.612262
1;3;0;FOCUSFRIENDLY;2955;2;6;92;72;873;0;0;0;0;0;0;1.42585;0.771905;0.653945
1;3;0;FOCUSENEMY;0;0;0;0;0;0;3879;1;5;6;81;28;1.83263;0.767904;1.06472
1;3;0;RANDOM;233;0;41;6;87;606;2583;0;18;2;361;63;1.57644;0.683288;0.893148
1;3;0;RANDOMENEMY;0;0;0;0;0;0;3614;2;4;10;277;93;1.83811;0.766088;1.07202
1;3;0;RANDOMFRIENDLY;2932;3;4;115;69;877;0;0;0;0;0;0;1.4231;0.774445;0.648655
1;3;0;ONESTACK;106;3;0;0;0;0;3888;3;0;0;0;0;1.8278;0.773476;1.05433
1;3;0;ONESTACKENEMYFIRST;0;0;0;0;0;0;4000;0;0;0;0;0;1.83322;0.771606;1.06162
1;3;0;ONESTACKENEMY;0;0;0;0;0;0;3999;1;0;0;0;0;1.83921;0.772697;1.06651
1;3;0;ONESTACKFRIENDLY;2927;3;4;105;67;894;0;0;0;0;0;0;1.43179;0.776956;0.654837
1;3;0;TWOSTACKS;1100;3;261;0;0;0;2525;5;106;0;0;0;1.67678;0.751929;0.924854
1;3;0;TWOSTACKSENEMYFIRST;0;6;324;0;0;0;3662;1;7;0;0;0;1.74415;0.731054;1.01309
1;3;0;TWOSTACKSENEMY;0;0;0;0;0;0;3970;2;28;0;0;0;1.82977;0.769209;1.06056
1;3;0;TWOSTACKSFRIENDLY;2945;5;3;119;51;877;0;0;0;0;0;0;1.42503;0.775114;0.64992
1;3;0;THREESTACKS;1137;5;240;21;0;0;2508;4;81;4;0;0;1.66967;0.753712;0.915962
1;3;0;THREESTACKSENEMYFIRST;0;3;326;4;0;0;3633;3;23;8;0;0;1.74828;0.735518;1.01276
1;3;0;THREESTACKSENEMY;0;0;0;0;0;0;3957;4;23;16;0;0;1.84778;0.773478;1.0743
1;3;0;THREESTACKSFRIENDLY;2939;6;6;111;59;879;0;0;0;0;0;0;1.43323;0.774497;0.658729
1;3;0;LOWEST;97;0;0;0;0;0;3903;0;0;0;0;0;1.83544;0.775629;1.05981
1;3;0;LOWESTENEMYFIRST;0;0;0;0;0;0;4000;0;0;0;0;0;1.83725;0.771106;1.06614
1;3;0;LOWESTENEMY;0;0;0;0;0;0;4000;0;0;0;0;0;1.83557;0.774027;1.06154
1;3;0;LOWESTFRIENDLY;2929;9;1;113;72;876;0;0;0;0;0;0;1.4226;0.775738;0.646863
1;4;0;FOCUSFRIENDLY;2938;1;4;114;50;893;0;0;0;0;0;0;1.45396;0.775136;0.678828
1;4;0;FOCUSENEMY;0;0;0;0;0;0;3911;2;6;0;71;10;1.87329;0.767511;1.10577
1;4;0;RANDOM;156;1;52;4;81;514;2827;1;27;2;283;52;1.65929;0.698376;0.960913
1;4;0;RANDOMENEMY;0;0;0;0;0;0;3712;3;8;9;235;33;1.8796;0.765199;1.1144
1;4;0;RANDOMFRIENDLY;2914;5;5;105;56;915;0;0;0;0;0;0;1.44408;0.774114;0.669967
1;4;0;ONESTACK;93;0;0;0;0;0;3905;2;0;0;0;0;1.87282;0.773432;1.09938
1;4;0;ONESTACKENEMYFIRST;0;0;0;0;0;0;3999;1;0;0;0;0;1.87114;0.769421;1.10172
1;4;0;ONESTACKENEMY;0;0;0;0;0;0;3996;4;0;0;0;0;1.87556;0.77088;1.10468
1;4;0;ONESTACKFRIENDLY;2940;3;7;128;51;871;0;0;0;0;0;0;1.44719;0.773282;0.673909
1;4;0;TWOSTACKS;1114;2;261;0;0;0;2518;6;99;0;0;0;1.70858;0.749866;0.958711
1;4;0;TWOSTACKSENEMYFIRST;0;6;343;0;0;0;3631;2;18;0;0;0;1.77998;0.732639;1.04734
1;4;0;TWOSTACKSENEMY;0;0;0;0;0;0;3967;3;30;0;0;0;1.8768;0.771375;1.10543
1;4;0;TWOSTACKSFRIENDLY;2928;2;5;102;54;909;0;0;0;0;0;0;1.45225;0.775544;0.676706
1;4;0;THREESTACKS;1062;4;240;21;0;0;2586;5;78;4;0;0;1.70697;0.749543;0.957427
1;4;0;THREESTACKSENEMYFIRST;0;3;329;2;0;0;3646;4;9;7;0;0;1.77581;0.732092;1.04372
1;4;0;THREESTACKSENEMY;0;0;0;0;0;0;3971;4;17;8;0;0;1.87817;0.768223;1.10994
1;4;0;THREESTACKSFRIENDLY;2942;4;6;90;51;907;0;0;0;0;0;0;1.45421;0.775705;0.678505
1;4;0;LOWEST;103;0;0;0;0;0;3897;0;0;0;0;0;1.87395;0.777488;1.09646
1;4;0;LOWESTENEMYFIRST;0;0;0;0;0;0;4000;0;0;0;0;0;1.87931;0.76844;1.11087
1;4;0;LOWESTENEMY;0;0;0;0;0;0;4000;0;0;0;0;0;1.87613;0.769145;1.10698
1;4;0;LOWESTFRIENDLY;2919;1;5;98;57;920;0;0;0;0;0;0;1.45379;0.777119;0.67667
1;5;0;FOCUSFRIENDLY;2932;6;3;99;39;921;0;0;0;0;0;0;1.45986;0.773075;0.686786
1;5;0;FOCUSENEMY;0;0;0;0;0;0;3924;0;6;2;64;4;1.89036;0.764688;1.12567
1;5;0;RANDOM;102;0;43;2;79;432;3068;0;28;2;214;30;1.72064;0.712803;1.00784
1;5;0;RANDOMENEMY;0;0;0;0;0;0;3757;0;8;2;213;20;1.89598;0.764567;1.13141
1;5;0;RANDOMFRIENDLY;2945;7;6;106;45;891;0;0;0;0;0;0;1.4623;0.773942;0.688354
1;5;0;ONESTACK;93;1;0;0;0;0;3902;4;0;0;0;0;1.90323;0.773337;1.12989
1;5;0;ONESTACKENEMYFIRST;0;0;0;0;0;0;4000;0;0;0;0;0;1.89695;0.767789;1.12916
1;5;0;ONESTACKENEMY;0;0;0;0;0;0;3997;3;0;0;0;0;1.89106;0.766416;1.12464
1;5;0;ONESTACKFRIENDLY;2946;3;4;109;42;896;0;0;0;0;0;0;1.45032;0.772932;0.677387
1;5;0;TWOSTACKS;1027;1;246;0;0;0;2618;5;103;0;0;0;1.73987;0.753119;0.986754
1;5;0;TWOSTACKSENEMYFIRST;0;3;318;0;0;0;3653;1;25;0;0;0;1.79898;0.73448;1.0645
1;5;0;TWOSTACKSENEMY;0;0;0;0;0;0;3970;5;25;0;0;0;1.89066;0.766993;1.12367
1;5;0;TWOSTACKSFRIENDLY;2961;2;4;102;35;896;0;0;0;0;0;0;1.4614;0.773439;0.687957
1;5;0;THREESTACKS;1141;5;249;29;0;0;2482;2;89;3;0;0;1.71972;0.750711;0.96901
1;5;0;THREESTACKSENEMYFIRST;0;4;320;2;0;0;3655;2;15;2;0;0;1.80396;0.733122;1.07084
1;5;0;THREESTACKSENEMY;0;0;0;0;0;0;3962;2;26;10;0;0;1.88905;0.764938;1.12411
1;5;0;THREESTACKSFRIENDLY;2936;2;4;113;49;896;0;0;0;0;0;0;1.4639;0.77438;0.689517
1;5;0;LOWEST;111;0;0;0;0;0;3889;0;0;0;0;0;1.89071;0.772907;1.1178
1;5;0;LOWESTENEMYFIRST;0;0;0;0;0;0;4000;0;0;0;0;0;1.90182;0.769182;1.13264
1;5;0;LOWESTENEMY;0;0;0;0;0;0;4000;0;0;0;0;0;1.89937;0.766906;1.13246
1;5;0;LOWESTFRIENDLY;2931;1;4;117;38;909;0;0;0;0;0;0;1.45699;0.771428;0.685559
1;6;0;FOCUSFRIENDLY;2945;5;2;112;25;911;0;0;0;0;0;0;1.46472;0.771921;0.692797
1;6;0;FOCUSENEMY;0;0;0;0;0;0;3924;0;3;2;65;6;1.90212;0.763561;1.13856
1;6;0;RANDOM;85;0;41;0;52;394;3185;0;16;0;211;16;1.74453;0.717564;1.02696
1;6;0;RANDOMENEMY;0;0;0;0;0;0;3807;0;5;3;164;21;1.90155;0.76222;1.13933
1;6;0;RANDOMFRIENDLY;2931;0;4;118;36;911;0;0;0;0;0;0;1.47045;0.774363;0.696085
1;6;0;ONESTACK;106;0;0;0;0;0;3894;0;0;0;0;0;1.89859;0.769631;1.12896
1;6;0;ONESTACKENEMYFIRST;0;0;0;0;0;0;3999;1;0;0;0;0;1.91047;0.768742;1.14173
1;6;0;ONESTACKENEMY;0;0;0;0;0;0;3996;4;0;0;0;0;1.90526;0.766875;1.13839
1;6;0;ONESTACKFRIENDLY;2946;6;4;107;35;902;0;0;0;0;0;0;1.4664;0.774201;0.692204
1;6;0;TWOSTACKS;1060;2;243;0;0;0;2604;0;91;0;0;0;1.73888;0.748845;0.99004
1;6;0;TWOSTACKSENEMYFIRST;0;2;329;0;0;0;3660;0;9;0;0;0;1.81571;0.733953;1.08176
1;6;0;TWOSTACKSENEMY;0;0;0;0;0;0;3975;3;22;0;0;0;1.90813;0.767738;1.1404
1;6;0;TWOSTACKSFRIENDLY;2911;4;5;99;32;949;0;0;0;0;0;0;1.47507;0.777144;0.697926
1;6;0;THREESTACKS;1125;2;252;27;0;0;2494;4;91;5;0;0;1.72908;0.750449;0.978635
1;6;0;THREESTACKSENEMYFIRST;0;3;319;2;0;0;3649;3;18;6;0;0;1.81184;0.7368;1.07504
1;6;0;THREESTACKSENEMY;0;0;0;0;0;0;3951;3;33;13;0;0;1.91388;0.770168;1.14371
1;6;0;THREESTACKSFRIENDLY;2968;5;6;107;33;881;0;0;0;0;0;0;1.46567;0.770297;0.695371
1;6;0;LOWEST;122;0;0;0;0;0;3878;0;0;0;0;0;1.8932;0.767256;1.12594
1;6;0;LOWESTENEMYFIRST;0;0;0;0;0;0;4000;0;0;0;0;0;1.91482;0.768484;1.14633
1;6;0;LOWESTENEMY;0;0;0;0;0;0;4000;0;0;0;0;0;1.91156;0.76994;1.14162
1;6;0;LOWESTFRIENDLY;2921;7;4;117;37;914;0;0;0;0;0;0;1.47223;0.775363;0.696871
1;7;0;FOCUSFRIENDLY;2950;0;7;121;28;894;0;0;0;0;0;0;1.47849;0.771925;0.706569
1;7;0;FOCUSENEMY;0;0;0;0;0;0;3941;1;7;0;51;0;1.91839;0.768253;1.15014
1;7;0;RANDOM;50;0;33;1;46;343;3318;1;13;3;176;16;1.78405;0.725174;1.05887
1;7;0;RANDOMENEMY;0;0;0;0;0;0;3839;0;3;2;142;14;1.91911;0.763282;1.15583
1;7;0;RANDOMFRIENDLY;2917;6;6;97;30;944;0;0;0;0;0;0;1.48092;0.777355;0.703567
1;7;0;ONESTACK;114;0;0;0;0;0;3885;1;0;0;0;0;1.91677;0.772805;1.14396
1;7;0;ONESTACKENEMYFIRST;0;0;0;0;0;0;3995;5;0;0;0;0;1.91365;0.76803;1.14562
1;7;0;ONESTACKENEMY;0;0;0;0;0;0;3999;1;0;0;0;0;1.91609;0.766242;1.14984
1;7;0;ONESTACKFRIENDLY;2929;1;2;125;24;919;0;0;0;0;0;0;1.47828;0.771524;0.706754
1;7;0;TWOSTACKS;1048;1;243;0;0;0;2590;9;109;0;0;0;1.75284;0.752668;1.00017
1;7;0;TWOSTACKSENEMYFIRST;0;0;325;0;0;0;3658;2;15;0;0;0;1.81934;0.732881;1.08646
1;7;0;TWOSTACKSENEMY;0;0;0;0;0;0;3979;2;19;0;0;0;1.91614;0.7658;1.15034
1;7;0;TWOSTACKSFRIENDLY;2940;4;4;123;27;902;0;0;0;0;0;0;1.46942;0.772363;0.697056
1;7;0;THREESTACKS;1029;1;223;29;0;0;2641;4;69;4;0;0;1.76075;0.753412;1.00734
1;7;0;THREESTACKSENEMYFIRST;0;1;327;3;0;0;3647;1;18;3;0;0;1.82402;0.732526;1.09149
1;7;0;THREESTACKSENEMY;0;0;0;0;0;0;3961;2;23;14;0;0;1.9125;0.76586;1.14664
1;7;0;THREESTACKSFRIENDLY;2933;5;7;119;38;898;0;0;0;0;0;0;1.47866;0.77376;0.704901
1;7;0;LOWEST;122;0;0;0;0;0;3878;0;0;0;0;0;1.90491;0.769684;1.13523
1;7;0;LOWESTENEMYFIRST;0;0;0;0;0;0;4000;0;0;0;0;0;1.92093;0.767977;1.15295
1;7;0;LOWESTENEMY;0;0;0;0;0;0;4000;0;0;0;0;0;1.91919;0.76533;1.15386
1;7;0;LOWESTFRIENDLY;2935;2;7;95;26;935;0;0;0;0;0;0;1.47795;0.772915;0.705033
1;8;0;FOCUSFRIENDLY;2949;4;2;100;33;912;0;0;0;0;0;0;1.46985;0.770671;0.699174
1;8;0;FOCUSENEMY;0;0;0;0;0;0;3958;2;3;0;36;1;1.91835;0.762586;1.15576
1;8;0;RANDOM;43;0;32;0;37;300;3417;0;9;2;153;7;1.79814;0.728094;1.07004
1;8;0;RANDOMENEMY;0;0;0;0;0;0;3826;0;3;3;158;10;1.92662;0.766969;1.15965
1;8;0;RANDOMFRIENDLY;2930;1;4;114;25;926;0;0;0;0;0;0;1.48053;0.772618;0.70791
1;8;0;ONESTACK;133;1;0;0;0;0;3863;3;0;0;0;0;1.91511;0.768333;1.14678
1;8;0;ONESTACKENEMYFIRST;0;0;0;0;0;0;3998;2;0;0;0;0;1.92423;0.766513;1.15771
1;8;0;ONESTACKENEMY;0;0;0;0;0;0;3999;1;0;0;0;0;1.91826;0.765465;1.15279
1;8;0;ONESTACKFRIENDLY;2940;4;7;111;29;909;0;0;0;0;0;0;1.47371;0.772678;0.701033
1;8;0;TWOSTACKS;1066;1;252;0;0;0;2568;8;105;0;0;0;1.75323;0.749888;1.00335
1;8;0;TWOSTACKSENEMYFIRST;0;2;329;0;0;0;3649;1;19;0;0;0;1.81536;0.730929;1.08443
1;8;0;TWOSTACKSENEMY;0;0;0;0;0;0;3973;2;25;0;0;0;1.91884;0.766513;1.15233
1;8;0;TWOSTACKSFRIENDLY;2910;2;7;113;35;933;0;0;0;0;0;0;1.48584;0.775803;0.710033
1;8;0;THREESTACKS;1072;3;236;26;0;0;2561;6;91;5;0;0;1.74845;0.751602;0.996845
1;8;0;THREESTACKSENEMYFIRST;0;0;329;2;0;0;3655;1;10;3;0;0;1.82143;0.731754;1.08968
1;8;0;THREESTACKSENEMY;0;0;0;0;0;0;3953;4;34;9;0;0;1.92587;0.765168;1.1607
1;8;0;THREESTACKSFRIENDLY;2949;5;11;105;26;904;0;0;0;0;0;0;1.48144;0.770802;0.710636
1;8;0;LOWEST;96;0;0;0;0;0;3904;0;0;0;0;0;1.9165;0.768236;1.14827
1;8;0;LOWESTENEMYFIRST;0;0;0;0;0;0;4000;0;0;0;0;0;1.91662;0.765338;1.15128
1;8;0;LOWESTENEMY;0;0;0;0;0;0;4000;0;0;0;0;0;1.9306;0.768737;1.16187
1;8;0;LOWESTFRIENDLY;2924;4;3;112;26;931;0;0;0;0;0;0;1.47857;0.773432;0.705135
1;9;0;FOCUSFRIENDLY;2949;2;3;131;17;898;0;0;0;0;0;0;1.48833;0.773229;0.715104
1;9;0;FOCUSENEMY;0;0;0;0;0;0;3947;1;1;2;49;0;1.93415;0.767211;1.16694
1;9;0;RANDOM;45;0;32;0;45;268;3478;0;10;0;113;9;1.82165;0.732087;1.08956
1;9;0;RANDOMENEMY;0;0;0;0;0;0;3852;0;4;3;129;12;1.92628;0.763894;1.16238
1;9;0;RANDOMFRIENDLY;2934;0;0;97;17;952;0;0;0;0;0;0;1.47611;0.771435;0.704673
1;9;0;ONESTACK;68;0;0;0;0;0;3930;2;0;0;0;0;1.92558;0.769835;1.15574
1;9;0;ONESTACKENEMYFIRST;0;0;0;0;0;0;3998;2;0;0;0;0;1.92695;0.76771;1.15924
1;9;0;ONESTACKENEMY;0;0;0;0;0;0;3999;1;0;0;0;0;1.9271;0.767765;1.15933
1;9;0;ONESTACKFRIENDLY;2929;7;7;125;31;901;0;0;0;0;0;0;1.47394;0.772758;0.701181
1;9;0;TWOSTACKS;1054;2;260;0;0;0;2565;4;115;0;0;0;1.76613;0.754221;1.0119
1;9;0;TWOSTACKSENEMYFIRST;0;0;318;0;0;0;3663;2;17;0;0;0;1.83042;0.73276;1.09766
1;9;0;TWOSTACKSENEMY;0;0;0;0;0;0;3982;1;17;0;0;0;1.91321;0.760314;1.1529
1;9;0;TWOSTACKSFRIENDLY;2946;3;3;122;31;895;0;0;0;0;0;0;1.47867;0.771484;0.707184
1;9;0;THREESTACKS;1135;3;255;24;0;0;2492;3;85;3;0;0;1.7513;0.751964;0.999338
1;9;0;THREESTACKSENEMYFIRST;0;1;319;2;0;0;3659;1;16;2;0;0;1.82826;0.731668;1.09659
1;9;0;THREESTACKSENEMY;0;0;0;0;0;0;3967;1;28;4;0;0;1.92533;0.766892;1.15844
1;9;0;THREESTACKSFRIENDLY;2930;5;6;112;28;919;0;0;0;0;0;0;1.47785;0.772071;0.705781
1;9;0;LOWEST;72;0;0;0;0;0;3928;0;0;0;0;0;1.92753;0.769342;1.15818
1;9;0;LOWESTENEMYFIRST;0;0;0;0;0;0;4000;0;0;0;0;0;1.92999;0.769;1.16099
1;9;0;LOWESTENEMY;0;0;0;0;0;0;4000;0;0;0;0;0;1.91898;0.76465;1.15433
1;9;0;LOWESTFRIENDLY;2947;6;6;115;26;900;0;0;0;0;0;0;1.48691;0.775337;0.71157
1;10;0;FOCUSFRIENDLY;2923;6;12;136;23;900;0;0;0;0;0;0;1.48748;0.774507;0.712973
1;10;0;FOCUSENEMY;0;0;0;0;0;0;3958;1;3;1;37;0;1.93395;0.765677;1.16827
1;10;0;RANDOM;44;0;23;1;36;289;3454;0;13;0;138;2;1.81337;0.730907;1.08246
1;10;0;RANDOMENEMY;0;0;0;0;0;0;3862;0;3;1;129;5;1.92402;0.766821;1.1572
1;10;0;RANDOMFRIENDLY;2935;5;4;124;26;906;0;0;0;0;0;0;1.48304;0.774046;0.708998
1;10;0;ONESTACK;97;0;0;0;0;0;3903;0;0;0;0;0;1.9197;0.766249;1.15345
1;10;0;ONESTACKENEMYFIRST;0;0;0;0;0;0;3999;1;0;0;0;0;1.93476;0.765806;1.16896
1;10;0;ONESTACKENEMY;0;0;0;0;0;0;3994;6;0;0;0;0;1.93257;0.768067;1.1645
1;10;0;ONESTACKFRIENDLY;2951;3;4;118;21;903;0;0;0;0;0;0;1.48929;0.775445;0.713847
1;10;0;TWOSTACKS;1065;2;267;0;0;0;2553;3;110;0;0;0;1.76555;0.752624;1.01293
1;10;0;TWOSTACKSENEMYFIRST;0;0;310;0;0;0;3674;1;15;0;0;0;1.83321;0.734706;1.09851
1;10;0;TWOSTACKSENEMY;0;0;0;0;0;0;3975;3;22;0;0;0;1.93144;0.768309;1.16313
1;10;0;TWOSTACKSFRIENDLY;2930;2;5;121;23;919;0;0;0;0;0;0;1.49527;0.775928;0.719339
1;10;0;THREESTACKS;1141;1;248;30;0;0;2495;2;81;2;0;0;1.75069;0.751581;0.999108
1;10;0;THREESTACKSENEMYFIRST;0;0;304;5;0;0;3669;2;17;3;0;0;1.83231;0.734583;1.09773
1;10;0;THREESTACKSENEMY;0;0;0;0;0;0;3973;1;23;3;0;0;1.93655;0.767841;1.16871
1;10;0;THREESTACKSFRIENDLY;2926;2;5;104;16;947;0;0;0;0;0;0;1.49764;0.775105;0.72253
1;10;0;LOWEST;114;0;0;0;0;0;3886;0;0;0;0;0;1.91709;0.76754;1.14955
1;10;0;LOWESTENEMYFIRST;0;0;0;0;0;0;4000;0;0;0;0;0;1.9291;0.765951;1.16315
1;10;0;LOWESTENEMY;0;0;0;0;0;0;4000;0;0;0;0;0;1.93472;0.764959;1.16977
1;10;0;LOWESTFRIENDLY;2932;1;6;118;19;924;0;0;0;0;0;0;1.48414;0.774751;0.709389
5;1;0;FOCUSFRIENDLY;3896;0;11;4;79;10;0;0;0;0;0;0;1.89762;1.13148;0.766145
5;1;0;FOCUSENEMY;0;0;0;0;0;0;2919;2;6;127;30;916;1.46643;0.690874;0.775559
5;1;0;RANDOM;3054;0;22;3;224;25;109;0;45;2;52;464;1.71699;1.00548;0.711514
5;1;0;RANDOMENEMY;0;0;0;0;0;0;2946;2;4;123;40;885;1.46221;0.68801;0.774201
5;1;0;RANDOMFRIENDLY;3756;1;6;2;207;28;0;0;0;0;0;0;1.89009;1.12849;0.761599
5;1;0;ONESTACK;3996;4;0;0;0;0;0;0;0;0;0;0;1.89859;1.12975;0.768834
5;1;0;ONESTACKENEMYFIRST;3922;3;0;0;0;0;75;0;0;0;0;0;1.87749;1.10935;0.768148
5;1;0;ONESTACKENEMY;0;0;0;0;0;0;2916;9;5;104;55;911;1.46099;0.685035;0.775952
5;1;0;ONESTACKFRIENDLY;3998;2;0;0;0;0;0;0;0;0;0;0;1.89618;1.1266;0.769582
5;1;0;TWOSTACKS;3667;3;15;0;0;0;0;2;313;0;0;0;1.80535;1.06824;0.737107
5;1;0;TWOSTACKSENEMYFIRST;2572;1;103;0;0;0;1063;3;258;0;0;0;1.73729;0.986343;0.750943
5;1;0;TWOSTACKSENEMY;0;0;0;0;0;0;2941;7;8;111;38;895;1.45801;0.683712;0.774298
5;1;0;TWOSTACKSFRIENDLY;3977;2;21;0;0;0;0;0;0;0;0;0;1.9006;1.13309;0.76751
5;1;0;THREESTACKS;3638;3;18;6;0;0;0;1;331;3;0;0;1.79256;1.06362;0.728943
5;1;0;THREESTACKSENEMYFIRST;2562;5;96;4;0;0;1078;1;229;25;0;0;1.72828;0.978527;0.749752
5;1;0;THREESTACKSENEMY;0;0;0;0;0;0;2937;4;6;124;35;894;1.46335;0.688439;0.774912
5;1;0;THREESTACKSFRIENDLY;3961;3;25;11;0;0;0;0;0;0;0;0;1.89727;1.1286;0.76867
5;1;0;LOWEST;4000;0;0;0;0;0;0;0;0;0;0;0;1.90528;1.13397;0.77131
5;1;0;LOWESTENEMYFIRST;3902;0;0;0;0;0;98;0;0;0;0;0;1.89123;1.12058;0.770654
5;1;0;LOWESTENEMY;0;0;0;0;0;0;2972;3;1;84;36;904;1.44843;0.679354;0.76908
5;1;0;LOWESTFRIENDLY;4000;0;0;0;0;0;0;0;0;0;0;0;1.89418;1.12781;0.766375
5;2;0;FOCUSFRIENDLY;3495;15;82;41;319;48;0;0;0;0;0;0;3.05323;1.7439;1.30933
5;2;0;FOCUSENEMY;0;0;0;0;0;0;2622;45;66;328;104;835;2.64025;1.3112;1.32905
5;2;0;RANDOM;2171;15;109;28;424;73;344;11;106;81;109;529;2.8282;1.55791;1.27029
5;2;0;RANDOMENEMY;0;0;0;0;0;0;2678;54;63;247;101;857;2.65813;1.31859;1.33953
5;2;0;RANDOMFRIENDLY;3359;23;73;43;398;104;0;0;0;0;0;0;3.07191;1.75725;1.31466
5;2;0;ONESTACK;3865;74;0;0;0;0;0;61;0;0;0;0;3.10376;1.75523;1.34853
5;2;0;ONESTACKENEMYFIRST;1922;119;0;0;0;0;1891;68;0;0;0;0;2.93158;1.58164;1.34994
5;2;0;ONESTACKENEMY;0;0;0;0;0;0;3073;105;30;201;69;522;2.72742;1.36079;1.36663
5;2;0;ONESTACKFRIENDLY;3936;64;0;0;0;0;0;0;0;0;0;0;3.10564;1.76063;1.34501
5;2;0;TWOSTACKS;2904;56;329;0;0;0;0;26;685;0;0;0;2.89341;1.60239;1.29102
5;2;0;TWOSTACKSENEMYFIRST;1324;71;710;0;0;0;1338;31;526;0;0;0;2.78504;1.50818;1.27685
5;2;0;TWOSTACKSENEMY;0;0;0;0;0;0;2977;81;158;208;59;517;2.7245;1.35388;1.37062
5;2;0;TWOSTACKSFRIENDLY;3705;52;243;0;0;0;0;0;0;0;0;0;3.1024;1.7599;1.3425
5;2;0;THREESTACKS;2615;53;287;119;0;0;0;11;559;356;0;0;2.81742;1.55565;1.26177
5;2;0;THREESTACKSENEMYFIRST;1017;66;643;94;0;0;1339;9;393;439;0;0;2.71188;1.45327;1.25862
5;2;0;THREESTACKSENEMY;0;0;0;0;0;0;2952;36;74;519;61;358;2.71503;1.35242;1.36261
5;2;0;THREESTACKSFRIENDLY;3555;53;249;143;0;0;0;0;0;0;0;0;3.08733;1.75744;1.32989
5;2;0;LOWEST;4000;0;0;0;0;0;0;0;0;0;0;0;3.10155;1.76043;1.34111
5;2;0;LOWESTENEMYFIRST;1889;0;0;0;0;0;2111;0;0;0;0;0;2.95971;1.59023;1.36948
5;2;0;LOWESTENEMY;0;0;0;0;0;0;3112;69;47;327;101;344;2.72993;1.35977;1.37016
5;2;0;LOWESTFRIENDLY;4000;0;0;0;0;0;0;0;0;0;0;0;3.1113;1.76735;1.34395
5;3;0;FOCUSFRIENDLY;2933;73;180;134;510;170;0;0;0;0;0;0;4.009;2.22563;1.78338
5;3;0;FOCUSENEMY;0;0;0;0;0;0;2341;130;140;358;217;814;3.69514;1.81942;1.87572
5;3;0;RANDOM;1689;54;170;82;433;116;562;39;140;140;153;422;3.81399;2.0304;1.78359
5;3;0;RANDOMENEMY;0;0;0;0;0;0;2515;106;127;322;200;730;3.76734;1.86575;1.9016
5;3;0;RANDOMFRIENDLY;3001;76;171;108;475;169;0;0;0;0;0;0;4.07124;2.24887;1.82236
5;3;0;ONESTACK;3418;280;0;0;0;0;24;278;0;0;0;0;4.16672;2.26827;1.89845
5;3;0;ONESTACKENEMYFIRST;1061;349;0;0;0;0;2291;298;0;1;0;0;4.04448;2.09902;1.94547
5;3;0;ONESTACKENEMY;0;0;0;0;0;0;3144;320;44;138;73;281;3.93694;1.96235;1.97459
5;3;0;ONESTACKFRIENDLY;3730;257;2;0;9;2;0;0;0;0;0;0;4.14923;2.26713;1.8821
5;3;0;TWOSTACKS;2142;143;720;0;0;0;28;127;840;0;0;0;3.911;2.07994;1.83106
5;3;0;TWOSTACKSENEMYFIRST;705;124;1012;0;0;0;1324;126;709;0;0;0;3.80129;1.97889;1.8224
5;3;0;TWOSTACKSENEMY;0;0;0;0;0;0;2940;223;378;129;55;275;3.92227;1.94879;1.97348
5;3;0;TWOSTACKSFRIENDLY;3223;183;583;0;9;2;0;0;0;0;0;0;4.17849;2.29155;1.88694
5;3;0;THREESTACKS;1550;81;560;394;0;0;38;83;537;757;0;0;3.75729;1.98708;1.77021
5;3;0;THREESTACKSENEMYFIRST;365;147;756;262;0;0;1134;70;412;854;0;0;3.6937;1.90863;1.78507
5;3;0;THREESTACKSENEMY;0;0;0;0;0;0;2494;103;276;928;42;157;3.8772;1.923;1.95421
5;3;0;THREESTACKSFRIENDLY;2947;119;526;399;7;2;0;0;0;0;0;0;4.15602;2.28276;1.87326
5;3;0;LOWEST;3983;0;0;0;0;0;17;0;0;0;0;0;4.1488;2.26954;1.87926
5;3;0;LOWESTENEMYFIRST;1038;0;0;0;0;0;2962;0;0;0;0;0;4.09289;2.10094;1.99195
5;3;0;LOWESTENEMY;0;0;0;0;0;0;3334;99;107;305;65;90;3.91836;1.95384;1.96453
5;3;0;LOWESTFRIENDLY;3973;3;11;4;9;0;0;0;0;0;0;0;4.14999;2.27421;1.87578
5;4;0;FOCUSFRIENDLY;2647;124;202;226;454;347;0;0;0;0;0;0;4.59912;2.49022;2.1089
5;4;0;FOCUSENEMY;0;0;0;0;0;0;2322;153;226;358;293;648;4.51011;2.17434;2.33576
5;4;0;RANDOM;1188;74;228;131;369;219;768;85;192;150;229;367;4.61121;2.36902;2.24219
5;4;0;RANDOMENEMY;0;0;0;0;0;0;2556;169;199;266;250;560;4.57994;2.2247;2.35524
5;4;0;RANDOMFRIENDLY;2763;122;220;186;402;307;0;0;0;0;0;0;4.72808;2.54324;2.18484
5;4;0;ONESTACK;2757;531;0;0;0;0;121;591;0;0;0;0;4.91031;2.58021;2.3301
5;4;0;ONESTACKENEMYFIRST;477;528;0;0;0;0;2407;588;0;0;0;0;4.88855;2.44473;2.44382
5;4;0;ONESTACKENEMY;0;0;0;0;0;0;3213;524;35;64;57;107;4.82656;2.37256;2.454
5;4;0;ONESTACKFRIENDLY;3480;449;20;14;23;14;0;0;0;0;0;0;4.95895;2.62574;2.33322
5;4;0;TWOSTACKS;1485;260;936;0;0;0;75;215;1029;0;0;0;4.72089;2.42989;2.291
5;4;0;TWOSTACKSENEMYFIRST;331;248;1107;0;0;0;1138;232;944;0;0;0;4.66825;2.36006;2.30819
5;4;0;TWOSTACKSENEMY;0;0;0;0;0;0;2777;357;693;50;42;81;4.91773;2.39697;2.52077
5;4;0;TWOSTACKSFRIENDLY;2846;312;808;11;17;6;0;0;0;0;0;0;5.03419;2.67898;2.35521
5;4;0;THREESTACKS;838;141;698;702;0;0;42;121;593;865;0;0;4.50689;2.31461;2.19228
5;4;0;THREESTACKSENEMYFIRST;93;164;737;550;0;0;709;128;571;1048;0;0;4.51084;2.26855;2.2423
5;4;0;THREESTACKSENEMY;0;0;0;0;0;0;2239;183;488;1037;17;36;4.80433;2.33822;2.46611
5;4;0;THREESTACKSFRIENDLY;2477;172;661;682;8;0;0;0;0;0;0;0;4.92333;2.63042;2.29291
5;4;0;LOWEST;3907;0;1;0;0;0;92;0;0;0;0;0;4.91489;2.61772;2.29717
5;4;0;LOWESTENEMYFIRST;561;0;0;0;0;0;3439;0;0;0;0;0;4.99571;2.49041;2.50531
5;4;0;LOWESTENEMY;0;0;0;0;0;0;3587;102;117;139;47;8;4.89799;2.40374;2.49425
5;4;0;LOWESTFRIENDLY;3905;30;33;19;13;0;0;0;0;0;0;0;4.98757;2.6576;2.32997
5;5;0;FOCUSFRIENDLY;2523;163;231;286;352;445;0;0;0;0;0;0;4.97366;2.62264;2.35102
5;5;0;FOCUSENEMY;0;0;0;0;0;0;2403;191;228;269;413;496;5.04881;2.38367;2.66514
5;5;0;RANDOM;959;113;235;135;286;269;993;105;254;134;285;232;5.10204;2.55519;2.54686
5;5;0;RANDOMENEMY;0;0;0;0;0;0;2662;156;195;237;328;422;5.13158;2.43785;2.69373
5;5;0;RANDOMFRIENDLY;2640;173;217;257;282;431;0;0;0;0;0;0;5.14013;2.70234;2.43778
5;5;0;ONESTACK;2249;782;0;0;0;0;224;745;0;0;0;0;5.46989;2.78841;2.68148
5;5;0;ONESTACKENEMYFIRST;254;737;0;0;0;0;2292;717;0;0;0;0;5.46569;2.67472;2.79097
5;5;0;ONESTACKENEMY;0;0;0;0;0;0;3244;640;27;17;40;32;5.48435;2.64725;2.8371
5;5;0;ONESTACKFRIENDLY;3233;657;23;29;24;34;0;0;0;0;0;0;5.55062;2.86565;2.68497
5;5;0;TWOSTACKS;1090;260;1126;0;0;0;136;259;1129;0;0;0;5.34632;2.69357;2.65275
5;5;0;TWOSTACKSENEMYFIRST;151;263;1150;0;0;0;1074;280;1082;0;0;0;5.34544;2.64552;2.69991
5;5;0;TWOSTACKSENEMY;0;0;0;0;0;0;2636;406;915;11;17;15;5.65225;2.71439;2.93786
5;5;0;TWOSTACKSFRIENDLY;2621;428;898;22;13;18;0;0;0;0;0;0;5.54126;2.88537;2.65589
5;5;0;THREESTACKS;496;127;661;1094;0;0;32;143;652;795;0;0;5.15459;2.60354;2.55105
5;5;0;THREESTACKSENEMYFIRST;26;128;648;815;0;0;545;143;671;1024;0;0;5.17749;2.5632;2.61429
5;5;0;THREESTACKSENEMY;0;0;0;0;0;0;2233;183;644;929;5;6;5.4579;2.61362;2.84428
5;5;0;THREESTACKSFRIENDLY;2168;216;613;993;2;8;0;0;0;0;0;0;5.50188;2.87371;2.62817
5;5;0;LOWEST;3818;0;0;0;0;0;182;0;0;0;0;0;5.19943;2.7091;2.49033
5;5;0;LOWESTENEMYFIRST;235;0;0;0;0;0;3765;0;0;0;0;0;5.38446;2.59167;2.79279
5;5;0;LOWESTENEMY;0;0;0;0;0;0;3820;81;48;42;9;0;5.25134;2.51233;2.73901
5;5;0;LOWESTFRIENDLY;3834;70;64;22;10;0;0;0;0;0;0;0;5.23492;2.733;2.50192
5;6;0;FOCUSFRIENDLY;2433;181;209;342;321;514;0;0;0;0;0;0;5.20808;2.6939;2.51418
5;6;0;FOCUSENEMY;0;0;0;0;0;0;2647;157;225;248;405;318;5.30438;2.45231;2.85207
5;6;0;RANDOM;852;95;251;167;189;283;1207;108;214;143;299;192;5.44887;2.66289;2.78598
5;6;0;RANDOMENEMY;0;0;0;0;0;0;2862;146;203;201;318;270;5.2912;2.44636;2.84485
5;6;0;RANDOMFRIENDLY;2652;190;206;280;241;431;0;0;0;0;0;0;5.35791;2.7564;2.60151
5;6;0;ONESTACK;2091;880;0;0;0;0;290;739;0;0;0;0;5.81952;2.90849;2.91103
5;6;0;ONESTACKENEMYFIRST;78;762;0;0;0;0;2342;818;0;0;0;0;5.68973;2.71424;2.9755
5;6;0;ONESTACKENEMY;0;0;0;0;0;0;3314;641;7;13;17;8;5.73966;2.71538;3.02428
5;6;0;ONESTACKFRIENDLY;3154;668;32;62;29;55;0;0;0;0;0;0;5.70181;2.89043;2.81138
5;6;0;TWOSTACKS;943;309;1139;0;0;0;151;270;1188;0;0;0;5.71661;2.82844;2.88816
5;6;0;TWOSTACKSENEMYFIRST;49;264;1070;0;0;0;1166;283;1168;0;0;0;5.69705;2.77192;2.92513
5;6;0;TWOSTACKSENEMY;0;0;0;0;0;0;2620;417;951;4;5;3;5.95723;2.79909;3.15814
5;6;0;TWOSTACKSFRIENDLY;2527;462;902;40;20;49;0;0;0;0;0;0;5.92498;3.02798;2.897
5;6;0;THREESTACKS;468;104;583;1211;0;0;32;175;698;729;0;0;5.50039;2.73319;2.7672
5;6;0;THREESTACKSENEMYFIRST;12;126;529;1065;0;0;500;128;794;846;0;0;5.4927;2.68109;2.81161
5;6;0;THREESTACKSENEMY;0;0;0;0;0;0;2255;215;711;818;1;0;5.63165;2.63179;2.99985
5;6;0;THREESTACKSFRIENDLY;2019;194;560;1218;3;6;0;0;0;0;0;0;5.79901;2.97067;2.82834
5;6;0;LOWEST;3616;0;0;0;0;0;384;0;0;0;0;0;5.63542;2.85205;2.78337
5;6;0;LOWESTENEMYFIRST;59;0;0;0;0;0;3941;0;0;0;0;0;5.47245;2.5522;2.92024
5;6;0;LOWESTENEMY;0;0;0;0;0;0;3935;29;21;13;2;0;5.39755;2.5172;2.88035
5;6;0;LOWESTFRIENDLY;3690;140;94;64;10;2;0;0;0;0;0;0;5.51013;2.82012;2.69001
5;7;0;FOCUSFRIENDLY;2316;217;237;363;254;613;0;0;0;0;0;0;5.431;2.7688;2.6622
5;7;0;FOCUSENEMY;0;0;0;0;0;0;2819;151;229;185;425;191;5.44874;2.46903;2.97971
5;7;0;RANDOM;770;95;232;116;151;276;1446;109;213;110;350;132;5.62439;2.68851;2.93588
5;7;0;RANDOMENEMY;0;0;0;0;0;0;2881;147;220;178;378;196;5.64596;2.57358;3.07239
5;7;0;RANDOMFRIENDLY;2605;194;194;290;223;494;0;0;0;0;0;0;5.43609;2.75194;2.68415
5;7;0;ONESTACK;2042;832;0;0;0;0;373;753;0;0;0;0;6.04518;2.961;3.08418
5;7;0;ONESTACKENEMYFIRST;25;761;0;0;0;0;2431;783;0;0;0;0;6.00933;2.8252;3.18413
5;7;0;ONESTACKENEMY;0;0;0;0;0;0;3411;577;3;4;4;1;5.60052;2.57555;3.02497
5;7;0;ONESTACKFRIENDLY;3053;738;37;56;38;78;0;0;0;0;0;0;5.76726;2.88475;2.88251
5;7;0;TWOSTACKS;901;321;1017;0;0;0;246;286;1229;0;0;0;5.89529;2.87832;3.01697
5;7;0;TWOSTACKSENEMYFIRST;17;271;1039;0;0;0;1118;276;1279;0;0;0;6.01488;2.87691;3.13797
5;7;0;TWOSTACKSENEMY;0;0;0;0;0;0;2501;400;1092;4;2;1;6.22288;2.87677;3.34611
5;7;0;TWOSTACKSFRIENDLY;2549;454;867;50;17;63;0;0;0;0;0;0;5.99921;3.01878;2.98042
5;7;0;THREESTACKS;488;111;493;1347;0;0;43;124;748;646;0;0;5.71428;2.80122;2.91306
5;7;0;THREESTACKSENEMYFIRST;8;117;468;1156;0;0;519;130;784;818;0;0;5.7361;2.76477;2.97133
5;7;0;THREESTACKSENEMY;0;0;0;0;0;0;2140;239;837;784;0;0;6.11515;2.81615;3.299
5;7;0;THREESTACKSFRIENDLY;1986;202;503;1285;9;15;0;0;0;0;0;0;5.84071;2.94936;2.89135
5;7;0;LOWEST;3568;0;0;0;0;0;432;0;0;0;0;0;5.72554;2.84437;2.88116
5;7;0;LOWESTENEMYFIRST;25;0;0;0;0;0;3975;0;0;0;0;0;5.49225;2.49941;2.99284
5;7;0;LOWESTENEMY;0;0;0;0;0;0;3975;12;9;3;1;0;5.37008;2.43697;2.93311
5;7;0;LOWESTFRIENDLY;3606;155;117;106;13;3;0;0;0;0;0;0;5.75592;2.88631;2.86962
5;8;0;FOCUSFRIENDLY;2379;211;223;369;209;609;0;0;0;0;0;0;5.45102;2.74583;2.70519
5;8;0;FOCUSENEMY;0;0;0;0;0;0;2938;120;223;147;418;154;5.7804;2.59357;3.18682
5;8;0;RANDOM;694;88;207;133;151;271;1648;108;217;97;289;97;5.6917;2.66777;3.02393
5;8;0;RANDOMENEMY;0;0;0;0;0;0;3169;117;184;103;307;120;5.30387;2.36461;2.93926
5;8;0;RANDOMFRIENDLY;2639;194;180;316;179;492;0;0;0;0;0;0;5.46905;2.74505;2.724
5;8;0;ONESTACK;1939;867;0;0;0;0;397;797;0;0;0;0;6.06924;2.92721;3.14203
5;8;0;ONESTACKENEMYFIRST;7;733;0;0;0;0;2492;768;0;0;0;0;6.08265;2.80685;3.27581
5;8;0;ONESTACKENEMY;0;0;0;0;0;0;3370;625;2;1;2;0;6.02783;2.73815;3.28968
5;8;0;ONESTACKFRIENDLY;3020;737;45;76;35;87;0;0;0;0;0;0;5.80012;2.87123;2.9289
5;8;0;TWOSTACKS;821;278;1082;0;0;0;247;266;1306;0;0;0;5.98833;2.8759;3.11244
5;8;0;TWOSTACKSENEMYFIRST;6;278;987;0;0;0;1178;276;1275;0;0;0;6.05317;2.8569;3.19627
5;8;0;TWOSTACKSENEMY;0;0;0;0;0;0;2525;394;1081;0;0;0;6.21064;2.80534;3.4053
5;8;0;TWOSTACKSFRIENDLY;2560;511;767;65;22;75;0;0;0;0;0;0;6.07224;3.02804;3.0442
5;8;0;THREESTACKS;437;126;487;1409;0;0;43;134;761;603;0;0;5.81777;2.82316;2.9946
5;8;0;THREESTACKSENEMYFIRST;1;120;428;1216;0;0;555;120;827;733;0;0;5.87062;2.79836;3.07226
5;8;0;THREESTACKSENEMY;0;0;0;0;0;0;2131;223;944;701;1;0;6.21276;2.81251;3.40025
5;8;0;THREESTACKSFRIENDLY;1976;196;455;1351;5;17;0;0;0;0;0;0;5.98996;2.99299;2.99697
5;8;0;LOWEST;3508;0;0;0;0;0;492;0;0;0;0;0;5.84454;2.86287;2.98166
5;8;0;LOWESTENEMYFIRST;8;0;0;0;0;0;3992;0;0;0;0;0;5.52733;2.46598;3.06135
5;8;0;LOWESTENEMY;0;0;0;0;0;0;3994;2;3;0;1;0;5.59891;2.50975;3.08915
5;8;0;LOWESTFRIENDLY;3589;155;105;133;8;10;0;0;0;0;0;0;5.81789;2.89179;2.9261
5;9;0;FOCUSFRIENDLY;2362;222;205;399;188;624;0;0;0;0;0;0;5.53689;2.76354;2.77335
5;9;0;FOCUSENEMY;0;0;0;0;0;0;3187;118;170;105;328;92;5.51182;2.4385;3.07332
5;9;0;RANDOM;616;75;193;143;130;271;1823;99;191;77;304;78;5.81253;2.69471;3.11782
5;9;0;RANDOMENEMY;0;0;0;0;0;0;3201;111;169;108;329;82;5.47241;2.41955;3.05286
5;9;0;RANDOMFRIENDLY;2570;200;182;362;156;530;0;0;0;0;0;0;5.54905;2.76767;2.78138
5;9;0;ONESTACK;1970;850;0;0;0;0;438;742;0;0;0;0;6.19936;2.96674;3.23262
5;9;0;ONESTACKENEMYFIRST;1;715;0;0;0;0;2545;739;0;0;0;0;6.20999;2.83392;3.37607
5;9;0;ONESTACKENEMY;0;0;0;0;0;0;3425;574;0;1;0;0;5.76943;2.58011;3.18932
5;9;0;ONESTACKFRIENDLY;2975;745;44;80;42;114;0;0;0;0;0;0;5.91853;2.90914;3.00939
5;9;0;TWOSTACKS;900;245;1002;0;0;0;303;256;1294;0;0;0;6.11337;2.90836;3.20501
5;9;0;TWOSTACKSENEMYFIRST;1;253;946;0;0;0;1211;253;1336;0;0;0;6.24374;2.91465;3.32909
5;9;0;TWOSTACKSENEMY;0;0;0;0;0;0;2460;392;1148;0;0;0;6.317;2.83158;3.48542
5;9;0;TWOSTACKSFRIENDLY;2549;489;792;48;18;104;0;0;0;0;0;0;6.09295;3.00556;3.08739
5;9;0;THREESTACKS;473;101;470;1417;0;0;60;148;773;558;0;0;5.91158;2.8447;3.06688
5;9;0;THREESTACKSENEMYFIRST;0;98;413;1261;0;0;534;115;926;653;0;0;5.98306;2.82094;3.16212
5;9;0;THREESTACKSENEMY;0;0;0;0;0;0;2266;236;857;641;0;0;6.19981;2.78452;3.4153
5;9;0;THREESTACKSFRIENDLY;2066;204;425;1275;5;25;0;0;0;0;0;0;5.86416;2.91201;2.95215
5;9;0;LOWEST;3460;0;0;0;0;0;540;0;0;0;0;0;5.86423;2.85445;3.00978
5;9;0;LOWESTENEMYFIRST;1;0;0;0;0;0;3999;0;0;0;0;0;5.44708;2.40336;3.04372
5;9;0;LOWESTENEMY;0;0;0;0;0;0;4000;0;0;0;0;0;5.42356;2.38351;3.04005
5;9;0;LOWESTFRIENDLY;3592;164;106;118;12;8;0;0;0;0;0;0;5.58968;2.78357;2.8061
5;10;0;FOCUSFRIENDLY;2472;196;186;366;176;604;0;0;0;0;0;0;5.39656;2.68675;2.70981
5;10;0;FOCUSENEMY;0;0;0;0;0;0;3254;97;166;82;323;78;5.56563;2.43856;3.12707
5;10;0;RANDOM;584;68;174;122;124;263;1947;100;180;71;300;67;5.77297;2.64669;3.12628
5;10;0;RANDOMENEMY;0;0;0;0;0;0;3333;82;147;87;290;61;5.33072;2.31555;3.01517
5;10;0;RANDOMFRIENDLY;2547;221;197;334;160;541;0;0;0;0;0;0;5.59109;2.76786;2.82323
5;10;0;ONESTACK;1931;798;0;0;0;0;480;791;0;0;0;0;6.35345;3.00484;3.34861
5;10;0;ONESTACKENEMYFIRST;0;694;0;0;0;0;2575;731;0;0;0;0;6.16786;2.79509;3.37277
5;10;0;ONESTACKENEMY;0;0;0;0;0;0;3401;599;0;0;0;0;5.87663;2.61278;3.26385
5;10;0;ONESTACKFRIENDLY;3018;720;30;74;36;122;0;0;0;0;0;0;5.78883;2.83427;2.95457
5;10;0;TWOSTACKS;826;277;1019;0;0;0;295;257;1326;0;0;0;6.13773;2.90516;3.23256
5;10;0;TWOSTACKSENEMYFIRST;0;252;932;0;0;0;1212;262;1342;0;0;0;6.3356;2.93634;3.39926
5;10;0;TWOSTACKSENEMY;0;0;0;0;0;0;2557;358;1084;0;1;0;6.05321;2.67811;3.3751
5;10;0;TWOSTACKSFRIENDLY;2551;505;774;66;23;81;0;0;0;0;0;0;6.18063;3.02402;3.15661
5;10;0;THREESTACKS;476;111;439;1434;0;0;75;138;801;526;0;0;5.97005;2.84866;3.12139
5;10;0;THREESTACKSENEMYFIRST;0;105;405;1237;0;0;548;142;874;689;0;0;6.06027;2.84199;3.21828
5;10;0;THREESTACKSENEMY;0;0;0;0;0;0;2182;233;985;600;0;0;6.25495;2.77934;3.47562
5;10;0;THREESTACKSFRIENDLY;2069;179;388;1334;4;26;0;0;0;0;0;0;5.86984;2.89788;2.97196
5;10;0;LOWEST;3510;0;0;0;0;0;490;0;0;0;0;0;5.72882;2.77684;2.95198
5;10;0;LOWESTENEMYFIRST;0;0;0;0;0;0;4000;0;0;0;0;0;5.34956;2.31892;3.03064
5;10;0;LOWESTENEMY;0;0;0;0;0;0;4000;0;0;0;0;0;5.34618;2.32043;3.02575
5;10;0;LOWESTFRIENDLY;3570;165;110;130;16;9;0;0;0;0;0;0;5.62741;2.7855;2.84191
20;1;0;FOCUSFRIENDLY;3979;0;2;0;19;0;0;0;0;0;0;0;1.94903;1.18291;0.766124
20;1;0;FOCUSENEMY;0;0;0;0;0;0;2924;3;6;119;10;938;1.49867;0.724145;0.774522
20;1;0;RANDOM;3760;0;3;0;70;0;7;0;10;1;16;133;1.90549;1.15106;0.754427
20;1;0;RANDOMENEMY;0;0;0;0;0;0;2936;3;4;114;18;925;1.49761;0.724125;0.773489
20;1;0;RANDOMFRIENDLY;3939;0;4;0;57;0;0;0;0;0;0;0;1.94831;1.1829;0.765409
20;1;0;ONESTACK;3996;4;0;0;0;0;0;0;0;0;0;0;1.94274;1.18004;0.762706
20;1;0;ONESTACKENEMYFIRST;3931;3;0;0;0;0;65;1;0;0;0;0;1.93668;1.16987;0.766811
20;1;0;ONESTACKENEMY;0;0;0;0;0;0;2953;4;9;109;14;911;1.49318;0.720057;0.773125
20;1;0;ONESTACKFRIENDLY;3999;1;0;0;0;0;0;0;0;0;0;0;1.93955;1.17623;0.763317
20;1;0;TWOSTACKS;3662;3;20;0;0;0;0;0;315;0;0;0;1.85182;1.11514;0.736679
20;1;0;TWOSTACKSENEMYFIRST;2602;4;111;0;0;0;1037;0;246;0;0;0;1.79287;1.03763;0.755233
20;1;0;TWOSTACKSENEMY;0;0;0;0;0;0;2964;1;2;93;11;929;1.49772;0.724988;0.772728
20;1;0;TWOSTACKSFRIENDLY;3976;2;22;0;0;0;0;0;0;0;0;0;1.94547;1.18039;0.765083
20;1;0;THREESTACKS;3661;2;15;0;0;0;0;1;318;3;0;0;1.84678;1.11052;0.736254
20;1;0;THREESTACKSENEMYFIRST;2546;2;92;1;0;0;1085;2;238;34;0;0;1.77522;1.02155;0.753673
20;1;0;THREESTACKSENEMY;0;0;0;0;0;0;2964;6;7;122;9;892;1.49039;0.717926;0.772466
20;1;0;THREESTACKSFRIENDLY;3961;3;32;4;0;0;0;0;0;0;0;0;1.94737;1.1806;0.76677
20;1;0;LOWEST;4000;0;0;0;0;0;0;0;0;0;0;0;1.94261;1.17727;0.765341
20;1;0;LOWESTENEMYFIRST;3896;0;0;0;0;0;104;0;0;0;0;0;1.94174;1.17006;0.771679
20;1;0;LOWESTENEMY;0;0;0;0;0;0;2952;5;1;83;7;952;1.48421;0.71455;0.769658
20;1;0;LOWESTFRIENDLY;4000;0;0;0;0;0;0;0;0;0;0;0;1.95033;1.18324;0.767091
20;2;0;FOCUSFRIENDLY;3895;3;21;8;72;1;0;0;0;0;0;0;3.27835;1.92818;1.35016
20;2;0;FOCUSENEMY;0;0;0;0;0;0;2574;49;48;338;47;944;2.76148;1.4208;1.34068
20;2;0;RANDOM;3469;3;27;6;129;6;69;4;49;8;47;183;3.1858;1.85545;1.33034
20;2;0;RANDOMENEMY;0;0;0;0;0;0;2599;64;44;289;52;952;2.76888;1.41942;1.34947
20;2;0;RANDOMFRIENDLY;3819;8;28;5;134;6;0;0;0;0;0;0;3.25632;1.9158;1.34052
20;2;0;ONESTACK;3896;77;0;0;0;0;0;27;0;0;0;0;3.26963;1.91776;1.35187
20;2;0;ONESTACKENEMYFIRST;1970;109;0;0;0;0;1864;57;0;0;0;0;3.08799;1.72783;1.36016
20;2;0;ONESTACKENEMY;0;0;0;0;0;0;2944;131;36;243;30;616;2.85674;1.47839;1.37835
20;2;0;ONESTACKFRIENDLY;3926;74;0;0;0;0;0;0;0;0;0;0;3.27937;1.92185;1.35752
20;2;0;TWOSTACKS;2919;44;375;0;0;0;0;11;651;0;0;0;3.07751;1.76456;1.31294
20;2;0;TWOSTACKSENEMYFIRST;1375;82;715;0;0;0;1292;36;500;0;0;0;2.9379;1.64902;1.28888
20;2;0;TWOSTACKSENEMY;0;0;0;0;0;0;2904;101;143;221;28;603;2.84621;1.47145;1.37476
20;2;0;TWOSTACKSFRIENDLY;3655;54;291;0;0;0;0;0;0;0;0;0;3.25164;1.91267;1.33897
20;2;0;THREESTACKS;2720;34;319;37;0;0;0;8;515;367;0;0;2.97063;1.69656;1.27407
20;2;0;THREESTACKSENEMYFIRST;1115;77;658;63;0;0;1290;15;359;423;0;0;2.86552;1.59488;1.27064
20;2;0;THREESTACKSENEMY;0;0;0;0;0;0;2801;40;65;617;26;451;2.83225;1.46355;1.3687
20;2;0;THREESTACKSFRIENDLY;3600;60;302;38;0;0;0;0;0;0;0;0;3.23691;1.90089;1.33601
20;2;0;LOWEST;4000;0;0;0;0;0;0;0;0;0;0;0;3.25188;1.91144;1.34045
20;2;0;LOWESTENEMYFIRST;2033;0;0;0;0;0;1967;0;0;0;0;0;3.1008;1.73461;1.3662
20;2;0;LOWESTENEMY;0;0;0;0;0;0;3003;71;48;406;40;432;2.84376;1.46745;1.37631
20;2;0;LOWESTFRIENDLY;4000;0;0;0;0;0;0;0;0;0;0;0;3.2728;1.92438;1.34843
20;3;0;FOCUSFRIENDLY;3771;16;60;16;133;4;0;0;0;0;0;0;4.42377;2.58434;1.83943
20;3;0;FOCUSENEMY;0;0;0;0;0;0;2312;138;115;453;81;901;3.96483;2.0516;1.91323
20;3;0;RANDOM;3201;16;59;12;177;12;145;8;75;47;49;199;4.32648;2.48038;1.8461
20;3;0;RANDOMENEMY;0;0;0;0;0;0;2347;152;116;348;81;956;4.02264;2.09212;1.93052
20;3;0;RANDOMFRIENDLY;3708;26;73;18;165;10;0;0;0;0;0;0;4.39874;2.5652;1.83354
20;3;0;ONESTACK;3615;227;0;0;0;0;0;158;0;0;0;0;4.45304;2.57326;1.87978
20;3;0;ONESTACKENEMYFIRST;1270;356;0;0;0;0;2174;200;0;0;0;0;4.36442;2.40296;1.96146
20;3;0;ONESTACKENEMY;0;0;0;0;0;0;2974;334;52;188;44;408;4.13319;2.15798;1.97521
20;3;0;ONESTACKFRIENDLY;3783;217;0;0;0;0;0;0;0;0;0;0;4.53033;2.6171;1.91324
20;3;0;TWOSTACKS;2262;115;757;0;0;0;0;87;779;0;0;0;4.27693;2.4051;1.87183
20;3;0;TWOSTACKSENEMYFIRST;830;168;1002;0;0;0;1214;102;684;0;0;0;4.1776;2.3005;1.87711
20;3;0;TWOSTACKSENEMY;0;0;0;0;0;0;2792;253;339;174;45;397;4.16743;2.17537;1.99206
20;3;0;TWOSTACKSFRIENDLY;3158;143;699;0;0;0;0;0;0;0;0;0;4.43354;2.56847;1.86507
20;3;0;THREESTACKS;1704;92;686;164;0;0;0;55;464;835;0;0;4.07428;2.26548;1.8088
20;3;0;THREESTACKSENEMYFIRST;485;128;829;177;0;0;1063;58;346;914;0;0;4.00389;2.17605;1.82784
20;3;0;THREESTACKSENEMY;0;0;0;0;0;0;2372;120;201;1068;14;225;4.11892;2.14332;1.9756
20;3;0;THREESTACKSFRIENDLY;3068;122;631;179;0;0;0;0;0;0;0;0;4.42421;2.57617;1.84804
20;3;0;LOWEST;4000;0;0;0;0;0;0;0;0;0;0;0;4.44181;2.58984;1.85196
20;3;0;LOWESTENEMYFIRST;1324;0;0;0;0;0;2676;0;0;0;0;0;4.36194;2.38696;1.97498
20;3;0;LOWESTENEMY;0;0;0;0;0;0;3119;120;91;417;56;197;4.16537;2.17625;1.98913
20;3;0;LOWESTFRIENDLY;4000;0;0;0;0;0;0;0;0;0;0;0;4.35909;2.54576;1.81333
20;4;0;FOCUSFRIENDLY;3731;22;68;22;146;11;0;0;0;0;0;0;4.93824;2.88833;2.04991
20;4;0;FOCUSENEMY;0;0;0;0;0;0;2254;204;157;452;111;822;5.02996;2.61407;2.41589
20;4;0;RANDOM;3000;32;89;15;174;12;264;26;100;54;70;164;5.19065;2.94355;2.2471
20;4;0;RANDOMENEMY;0;0;0;0;0;0;2419;188;148;367;127;751;5.09864;2.66522;2.43342
20;4;0;RANDOMFRIENDLY;3657;38;75;19;199;12;0;0;0;0;0;0;5.13717;2.99734;2.13983
20;4;0;ONESTACK;3120;473;0;0;0;0;0;407;0;0;0;0;5.49844;3.1366;2.36184
20;4;0;ONESTACKENEMYFIRST;813;577;0;0;0;0;2102;508;0;0;0;0;5.51175;3.00116;2.51059
20;4;0;ONESTACKENEMY;0;0;0;0;0;0;2897;601;37;131;40;294;5.31001;2.79214;2.51787
20;4;0;ONESTACKFRIENDLY;3639;361;0;0;0;0;0;0;0;0;0;0;5.24293;3.03229;2.21064
20;4;0;TWOSTACKS;1627;201;1134;0;0;0;0;159;879;0;0;0;5.40536;2.99649;2.40887
20;4;0;TWOSTACKSENEMYFIRST;527;195;1240;0;0;0;1019;193;826;0;0;0;5.35167;2.91706;2.43461
20;4;0;TWOSTACKSENEMY;0;0;0;0;0;0;2622;418;540;146;42;232;5.39326;2.81845;2.57481
20;4;0;TWOSTACKSFRIENDLY;2721;272;1007;0;0;0;0;0;0;0;0;0;5.49472;3.15593;2.33879
20;4;0;THREESTACKS;1127;103;855;302;0;0;0;96;418;1099;0;0;5.18152;2.84098;2.34054
20;4;0;THREESTACKSENEMYFIRST;212;134;892;290;0;0;760;91;413;1208;0;0;5.13597;2.75944;2.37653
20;4;0;THREESTACKSENEMY;0;0;0;0;0;0;2083;183;283;1331;10;110;5.25569;2.7402;2.51549
20;4;0;THREESTACKSFRIENDLY;2554;213;928;305;0;0;0;0;0;0;0;0;5.43089;3.12799;2.3029
20;4;0;LOWEST;4000;0;0;0;0;0;0;0;0;0;0;0;5.25189;3.04463;2.20726
20;4;0;LOWESTENEMYFIRST;966;0;0;0;0;0;3034;0;0;0;0;0;5.40237;2.92438;2.47799
20;4;0;LOWESTENEMY;0;0;0;0;0;0;3266;199;117;303;45;70;5.30255;2.78149;2.52106
20;4;0;LOWESTFRIENDLY;4000;0;0;0;0;0;0;0;0;0;0;0;5.03559;2.93862;2.09696
20;5;0;FOCUSFRIENDLY;3727;37;68;27;132;9;0;0;0;0;0;0;5.11771;3.00789;2.10982
20;5;0;FOCUSENEMY;0;0;0;0;0;0;2510;218;162;371;124;615;5.47677;2.80372;2.67304
20;5;0;RANDOM;2826;49;116;29;165;16;389;43;126;65;46;130;5.55107;3.13517;2.4159
20;5;0;RANDOMENEMY;0;0;0;0;0;0;2565;218;151;357;132;577;5.69396;2.93755;2.75641
20;5;0;RANDOMFRIENDLY;3700;32;81;35;136;16;0;0;0;0;0;0;4.9488;2.92076;2.02803
20;5;0;ONESTACK;2643;705;0;0;0;0;0;652;0;0;0;0;6.39406;3.59818;2.79588
20;5;0;ONESTACKENEMYFIRST;521;814;0;0;0;0;1819;846;0;0;0;0;6.48626;3.50681;2.97945
20;5;0;ONESTACKENEMY;0;0;0;0;0;0;2984;693;42;98;26;157;5.91359;3.09762;2.81596
20;5;0;ONESTACKFRIENDLY;3551;449;0;0;0;0;0;0;0;0;0;0;5.2457;3.03764;2.20807
20;5;0;TWOSTACKS;1285;226;1364;0;0;0;0;230;895;0;0;0;6.47838;3.55564;2.92274
20;5;0;TWOSTACKSENEMYFIRST;342;226;1321;0;0;0;844;274;993;0;0;0;6.33983;3.42482;2.91501
20;5;0;TWOSTACKSENEMY;0;0;0;0;0;0;2488;527;751;79;13;142;6.45508;3.37142;3.08366
20;5;0;TWOSTACKSFRIENDLY;2629;302;1069;0;0;0;0;0;0;0;0;0;6.06278;3.47086;2.59191
20;5;0;THREESTACKS;660;139;929;527;0;0;0;99;329;1317;0;0;6.17528;3.34137;2.83391
20;5;0;THREESTACKSENEMYFIRST;94;142;887;382;0;0;525;88;397;1485;0;0;6.16818;3.28845;2.87972
20;5;0;THREESTACKSENEMY;0;0;0;0;0;0;1981;207;373;1399;5;35;6.18512;3.20907;2.97605
20;5;0;THREESTACKSFRIENDLY;2507;218;857;418;0;0;0;0;0;0;0;0;5.87525;3.37195;2.5033
20;5;0;LOWEST;4000;0;0;0;0;0;0;0;0;0;0;0;4.75142;2.81264;1.93878
20;5;0;LOWESTENEMYFIRST;525;0;0;0;0;0;3475;0;0;0;0;0;5.58667;2.93514;2.65152
20;5;0;LOWESTENEMY;0;0;0;0;0;0;3507;232;93;140;11;17;5.65689;2.92575;2.73115
20;5;0;LOWESTFRIENDLY;4000;0;0;0;0;0;0;0;0;0;0;0;4.47004;2.67443;1.79561
20;6;0;FOCUSFRIENDLY;3842;27;40;20;67;4;0;0;0;0;0;0;4.17314;2.51242;1.66073
20;6;0;FOCUSENEMY;0;0;0;0;0;0;3172;154;103;232;68;271;4.85538;2.40303;2.45235
20;6;0;RANDOM;2714;53;116;33;131;13;517;37;161;55;61;109;5.48367;3.07517;2.4085
20;6;0;RANDOMENEMY;0;0;0;0;0;0;3142;154;120;233;71;280;5.14699;2.56039;2.5866
20;6;0;RANDOMFRIENDLY;3865;25;36;14;56;4;0;0;0;0;0;0;3.99358;2.42341;1.57017
20;6;0;ONESTACK;2181;950;0;0;0;0;0;869;0;0;0;0;6.94281;3.86202;3.08079
20;6;0;ONESTACKENEMYFIRST;345;963;0;0;0;0;1655;1037;0;0;0;0;7.2042;3.86399;3.34021
20;6;0;ONESTACKENEMY;0;0;0;0;0;0;3300;576;12;49;15;48;5.21833;2.6362;2.58213
20;6;0;ONESTACKFRIENDLY;3502;498;0;0;0;0;0;0;0;0;0;0;5.18136;3.00248;2.17888
20;6;0;TWOSTACKS;937;269;1607;0;0;0;0;226;961;0;0;0;7.4679;4.07228;3.39563
20;6;0;TWOSTACKSENEMYFIRST;208;277;1398;0;0;0;682;307;1128;0;0;0;7.49446;4.02495;3.46951
20;6;0;TWOSTACKSENEMY;0;0;0;0;0;0;2634;507;738;38;6;77;6.56222;3.37357;3.18866
20;6;0;TWOSTACKSFRIENDLY;2816;286;898;0;0;0;0;0;0;0;0;0;5.80885;3.35524;2.45361
20;6;0;THREESTACKS;373;106;978;718;0;0;0;93;292;1440;0;0;7.1635;3.85115;3.31235
20;6;0;THREESTACKSENEMYFIRST;35;138;822;558;0;0;301;92;429;1625;0;0;7.23501;3.83637;3.39864
20;6;0;THREESTACKSENEMY;0;0;0;0;0;0;2019;190;361;1419;3;8;6.69921;3.4441;3.25511
20;6;0;THREESTACKSFRIENDLY;2682;194;709;415;0;0;0;0;0;0;0;0;5.70424;3.28851;2.41573
20;6;0;LOWEST;4000;0;0;0;0;0;0;0;0;0;0;0;4.0383;2.45029;1.58801
20;6;0;LOWESTENEMYFIRST;219;0;0;0;0;0;3781;0;0;0;0;0;4.83177;2.41788;2.41388
20;6;0;LOWESTENEMY;0;0;0;0;0;0;3779;114;53;51;2;1;5.00511;2.48628;2.51882
20;6;0;LOWESTFRIENDLY;4000;0;0;0;0;0;0;0;0;0;0;0;3.90139;2.37686;1.52453
20;7;0;FOCUSFRIENDLY;3973;14;2;2;9;0;0;0;0;0;0;0;3.10715;1.9546;1.15254
20;7;0;FOCUSENEMY;0;0;0;0;0;0;3463;111;73;146;37;170;4.36525;2.07114;2.29412
20;7;0;RANDOM;2695;52;87;26;75;9;686;40;177;59;40;54;4.67054;2.6143;2.05624
20;7;0;RANDOMENEMY;0;0;0;0;0;0;3380;113;110;168;68;161;4.77635;2.31239;2.46397
20;7;0;RANDOMFRIENDLY;3923;22;19;8;23;5;0;0;0;0;0;0;3.51068;2.16739;1.34329
20;7;0;ONESTACK;1768;1187;0;0;0;0;0;1045;0;0;0;0;7.28152;4.00292;3.27861
20;7;0;ONESTACKENEMYFIRST;192;1080;0;0;0;0;1401;1327;0;0;0;0;7.83955;4.17183;3.66772
20;7;0;ONESTACKENEMY;0;0;0;0;0;0;3565;402;5;11;4;13;4.37284;2.09998;2.27286
20;7;0;ONESTACKFRIENDLY;3697;303;0;0;0;0;0;0;0;0;0;0;4.07569;2.43186;1.64383
20;7;0;TWOSTACKS;671;259;1789;0;0;0;0;284;997;0;0;0;8.51097;4.60468;3.90628
20;7;0;TWOSTACKSENEMYFIRST;107;248;1460;0;0;0;501;319;1365;0;0;0;8.41331;4.47413;3.93918
20;7;0;TWOSTACKSENEMY;0;0;0;0;0;0;3200;311;449;12;5;23;5.1068;2.49429;2.61251
20;7;0;TWOSTACKSFRIENDLY;3039;252;709;0;0;0;0;0;0;0;0;0;5.37767;3.12544;2.25223
20;7;0;THREESTACKS;227;109;943;863;0;0;0;67;294;1497;0;0;8.15721;4.35534;3.80187
20;7;0;THREESTACKSENEMYFIRST;10;118;743;652;0;0;221;72;419;1765;0;0;8.13027;4.28164;3.84863
20;7;0;THREESTACKSENEMY;0;0;0;0;0;0;2506;182;300;1010;1;1;6.10699;3.06088;3.04611
20;7;0;THREESTACKSFRIENDLY;3132;161;415;292;0;0;0;0;0;0;0;0;4.75648;2.7971;1.95938
20;7;0;LOWEST;4000;0;0;0;0;0;0;0;0;0;0;0;3.2277;2.02363;1.20407
20;7;0;LOWESTENEMYFIRST;45;0;0;0;0;0;3955;0;0;0;0;0;3.71729;1.71338;2.00391
20;7;0;LOWESTENEMY;0;0;0;0;0;0;3885;76;24;13;2;0;4.27519;2.03082;2.24436
20;7;0;LOWESTFRIENDLY;4000;0;0;0;0;0;0;0;0;0;0;0;3.38986;2.10666;1.2832
20;8;0;FOCUSFRIENDLY;3964;9;8;7;11;1;0;0;0;0;0;0;3.18873;1.9915;1.19723
20;8;0;FOCUSENEMY;0;0;0;0;0;0;3883;37;26;26;9;19;3.30335;1.44269;1.86066
20;8;0;RANDOM;2654;45;89;11;39;5;859;41;181;23;29;24;3.87669;2.16025;1.71644
20;8;0;RANDOMENEMY;0;0;0;0;0;0;3827;48;34;31;20;40;3.41071;1.50088;1.90983
20;8;0;RANDOMFRIENDLY;3954;18;13;6;6;3;0;0;0;0;0;0;3.08285;1.93026;1.15259
20;8;0;ONESTACK;1457;1352;0;0;0;0;0;1191;0;0;0;0;7.23297;3.92162;3.31136
20;8;0;ONESTACKENEMYFIRST;105;1301;0;0;0;0;1119;1475;0;0;0;0;7.83675;4.14441;3.69234
20;8;0;ONESTACKENEMY;0;0;0;0;0;0;3764;232;1;1;0;2;3.53626;1.60023;1.93603
20;8;0;ONESTACKFRIENDLY;3831;169;0;0;0;0;0;0;0;0;0;0;3.26346;2.01988;1.24358
20;8;0;TWOSTACKS;480;238;1985;0;0;0;0;287;1010;0;0;0;9.4196;5.06612;4.35348
20;8;0;TWOSTACKSENEMYFIRST;80;246;1532;0;0;0;384;320;1438;0;0;0;9.31494;4.93082;4.38412
20;8;0;TWOSTACKSENEMY;0;0;0;0;0;0;3480;202;312;2;1;3;4.23725;1.95877;2.27848
20;8;0;TWOSTACKSFRIENDLY;3442;183;375;0;0;0;0;0;0;0;0;0;4.21459;2.51206;1.70253
20;8;0;THREESTACKS;150;78;917;989;0;0;0;45;342;1479;0;0;8.82231;4.68502;4.13728
20;8;0;THREESTACKSENEMYFIRST;6;92;663;714;0;0;143;73;480;1829;0;0;9.04543;4.73962;4.30582
20;8;0;THREESTACKSENEMY;0;0;0;0;0;0;2953;135;232;680;0;0;5.29477;2.55517;2.7396
20;8;0;THREESTACKSFRIENDLY;3385;124;257;234;0;0;0;0;0;0;0;0;4.23791;2.52382;1.71409
20;8;0;LOWEST;4000;0;0;0;0;0;0;0;0;0;0;0;2.99601;1.89458;1.10143
20;8;0;LOWESTENEMYFIRST;21;0;0;0;0;0;3979;0;0;0;0;0;3.47842;1.5491;1.92932
20;8;0;LOWESTENEMY;0;0;0;0;0;0;3975;20;3;2;0;0;3.40834;1.50243;1.90591
20;8;0;LOWESTFRIENDLY;4000;0;0;0;0;0;0;0;0;0;0;0;3.15324;1.97182;1.18142
20;9;0;FOCUSFRIENDLY;3986;4;6;0;4;0;0;0;0;0;0;0;3.00902;1.89786;1.11117
20;9;0;FOCUSENEMY;0;0;0;0;0;0;3902;32;20;22;6;18;3.26729;1.40139;1.8659
20;9;0;RANDOM;2627;46;79;11;32;0;965;34;152;18;26;10;3.52386;1.9605;1.56336
20;9;0;RANDOMENEMY;0;0;0;0;0;0;3956;17;7;14;2;4;3.02012;1.25472;1.76541
20;9;0;RANDOMFRIENDLY;3984;6;4;2;3;1;0;0;0;0;0;0;2.87198;1.82516;1.04682
20;9;0;ONESTACK;1160;1529;0;0;0;0;0;1311;0;0;0;0;6.52413;3.51739;3.00674
20;9;0;ONESTACKENEMYFIRST;38;1348;0;0;0;0;1083;1531;0;0;0;0;6.86244;3.55727;3.30517
20;9;0;ONESTACKENEMY;0;0;0;0;0;0;3857;140;1;1;1;0;3.23262;1.39255;1.84007
20;9;0;ONESTACKFRIENDLY;3854;146;0;0;0;0;0;0;0;0;0;0;3.08276;1.91304;1.16972
20;9;0;TWOSTACKS;331;268;2073;0;0;0;0;260;1068;0;0;0;10.3329;5.5275;4.80539
20;9;0;TWOSTACKSENEMYFIRST;51;200;1519;0;0;0;307;306;1617;0;0;0;10.204;5.35704;4.84697
20;9;0;TWOSTACKSENEMY;0;0;0;0;0;0;3615;160;222;1;0;2;3.92171;1.76963;2.15208
20;9;0;TWOSTACKSFRIENDLY;3784;100;116;0;0;0;0;0;0;0;0;0;3.2532;2.01452;1.23868
20;9;0;THREESTACKS;99;80;880;1060;0;0;0;49;332;1500;0;0;9.57289;5.05421;4.51868
20;9;0;THREESTACKSENEMYFIRST;3;77;652;759;0;0;102;55;477;1875;0;0;9.7085;5.07133;4.63717
20;9;0;THREESTACKSENEMY;0;0;0;0;0;0;3527;89;110;274;0;0;3.8707;1.73432;2.13638
20;9;0;THREESTACKSFRIENDLY;3764;96;68;72;0;0;0;0;0;0;0;0;3.21149;1.98881;1.22268
20;9;0;LOWEST;4000;0;0;0;0;0;0;0;0;0;0;0;2.89998;1.833;1.06698
20;9;0;LOWESTENEMYFIRST;6;0;0;0;0;0;3994;0;0;0;0;0;3.04434;1.2751;1.76924
20;9;0;LOWESTENEMY;0;0;0;0;0;0;3997;3;0;0;0;0;3.04719;1.27105;1.77615
20;9;0;LOWESTFRIENDLY;4000;0;0;0;0;0;0;0;0;0;0;0;2.85001;1.81211;1.03789
20;10;0;FOCUSFRIENDLY;3988;9;2;1;0;0;0;0;0;0;0;0;2.85637;1.81605;1.04032
20;10;0;FOCUSENEMY;0;0;0;0;0;0;3884;33;19;26;8;30;3.27876;1.38479;1.89396
20;10;0;RANDOM;2480;43;88;10;19;4;1147;28;144;19;12;6;3.36865;1.83736;1.53129
20;10;0;RANDOMENEMY;0;0;0;0;0;0;3939;22;12;15;4;8;3.08682;1.28665;1.80017
20;10;0;RANDOMFRIENDLY;3969;15;7;5;4;0;0;0;0;0;0;0;2.94936;1.86317;1.08619
20;10;0;ONESTACK;1112;1556;0;0;0;0;0;1332;0;0;0;0;6.44955;3.46132;2.98823
20;10;0;ONESTACKENEMYFIRST;28;1384;0;0;0;0;1082;1506;0;0;0;0;6.55953;3.36038;3.19914
20;10;0;ONESTACKENEMY;0;0;0;0;0;0;3867;131;0;0;1;1;3.05804;1.28411;1.77393
20;10;0;ONESTACKFRIENDLY;3901;99;0;0;0;0;0;0;0;0;0;0;2.92602;1.83648;1.08954
20;10;0;TWOSTACKS;285;224;2100;0;0;0;0;240;1151;0;0;0;10.3207;5.47967;4.84103
20;10;0;TWOSTACKSENEMYFIRST;17;216;1496;0;0;0;222;280;1769;0;0;0;10.6577;5.54417;5.11357
20;10;0;TWOSTACKSENEMY;0;0;0;0;0;0;3850;90;60;0;0;0;3.04775;1.25966;1.78809
20;10;0;TWOSTACKSFRIENDLY;3908;60;32;0;0;0;0;0;0;0;0;0;2.89886;1.82438;1.07448
20;10;0;THREESTACKS;80;62;937;1101;0;0;0;46;366;1408;0;0;9.77651;5.13327;4.64325
20;10;0;THREESTACKSENEMYFIRST;0;67;631;777;0;0;80;39;586;1820;0;0;9.97765;5.16001;4.81764
20;10;0;THREESTACKSENEMY;0;0;0;0;0;0;3497;105;121;277;0;0;4.05088;1.80882;2.24206
20;10;0;THREESTACKSFRIENDLY;3852;79;39;30;0;0;0;0;0;0;0;0;2.98633;1.87223;1.1141
20;10;0;LOWEST;4000;0;0;0;0;0;0;0;0;0;0;0;2.86739;1.80695;1.06043
20;10;0;LOWESTENEMYFIRST;0;0;0;0;0;0;4000;0;0;0;0;0;2.96564;1.21253;1.75311
20;10;0;LOWESTENEMY;0;0;0;0;0;0;3999;1;0;0;0;0;2.96754;1.20581;1.76172
20;10;0;LOWESTFRIENDLY;4000;0;0;0;0;0;0;0;0;0;0;0;2.84416;1.80442;1.03974
1;1;1;FOCUSFRIENDLY;3095;3;5;97;183;617;0;0;0;0;0;0;1.27149;0.761453;0.510033
1;1;1;FOCUSENEMY;0;0;0;0;0;0;3086;3;3;80;168;660;1.26568;0.506511;0.759169
1;1;1;RANDOM;956;0;30;6;385;597;1005;0;20;10;380;611;1.0786;0.538905;0.539691
1;1;1;RANDOMENEMY;0;0;0;0;0;0;3103;2;6;87;153;649;1.26578;0.506839;0.75894
1;1;1;RANDOMFRIENDLY;3129;4;4;86;145;632;0;0;0;0;0;0;1.26655;0.758337;0.508216
1;1;1;ONESTACK;2175;0;28;17;79;72;1461;2;42;3;82;39;1.21463;0.626022;0.588609
1;1;1;ONESTACKENEMYFIRST;1421;3;66;0;91;32;2224;1;17;22;62;61;1.21197;0.58646;0.625509
1;1;1;ONESTACKENEMY;0;0;0;0;0;0;3075;5;4;89;167;660;1.2684;0.507503;0.760896
1;1;1;ONESTACKFRIENDLY;3084;3;5;96;143;669;0;0;0;0;0;0;1.26572;0.760415;0.505305
1;1;1;TWOSTACKS;2130;2;46;10;46;39;1525;3;97;6;73;23;1.21117;0.619123;0.592052
1;1;1;TWOSTACKSENEMYFIRST;1526;5;85;3;57;21;2148;1;51;6;48;49;1.2077;0.587152;0.620544
1;1;1;TWOSTACKSENEMY;0;0;0;0;0;0;3084;7;7;82;174;646;1.27108;0.509766;0.76131
1;1;1;TWOSTACKSFRIENDLY;3067;6;3;92;192;640;0;0;0;0;0;0;1.27255;0.762858;0.509692
1;1;1;THREESTACKS;2177;1;38;34;49;34;1470;5;84;8;81;19;1.21037;0.620486;0.589887
1;1;1;THREESTACKSENEMYFIRST;1486;4;95;11;65;15;2166;5;41;24;46;42;1.21402;0.591891;0.622126
1;1;1;THREESTACKSENEMY;0;0;0;0;0;0;3106;1;6;79;179;629;1.26831;0.509243;0.759072
1;1;1;THREESTACKSFRIENDLY;3077;6;11;100;155;651;0;0;0;0;0;0;1.26721;0.760705;0.506501
1;1;1;LOWEST;2168;1;51;13;95;5;1495;8;99;4;61;0;1.21558;0.626186;0.589398
1;1;1;LOWESTENEMYFIRST;1511;1;93;1;71;0;2167;2;38;19;94;3;1.20885;0.58819;0.620657
1;1;1;LOWESTENEMY;0;0;0;0;0;0;3075;1;5;78;186;655;1.27145;0.509202;0.762244
1;1;1;LOWESTFRIENDLY;3078;0;5;84;153;680;0;0;0;0;0;0;1.26619;0.759923;0.506263
1;2;1;FOCUSFRIENDLY;2937;5;2;129;121;806;0;0;0;0;0;0;1.3881;0.77471;0.613388
1;2;1;FOCUSENEMY;0;0;0;0;0;0;3784;1;10;19;119;67;1.72507;0.765563;0.959509
1;2;1;RANDOM;417;0;50;10;123;748;1999;3;28;4;447;171;1.41595;0.65202;0.763932
1;2;1;RANDOMENEMY;0;0;0;0;0;0;3479;3;11;22;222;263;1.72732;0.757042;0.970273
1;2;1;RANDOMFRIENDLY;2942;6;4;120;100;828;0;0;0;0;0;0;1.38169;0.776106;0.605582
1;2;1;ONESTACK;168;1;6;0;12;6;3747;3;6;2;49;0;1.71775;0.774446;0.9433
1;2;1;ONESTACKENEMYFIRST;6;0;7;1;6;8;3907;5;3;3;53;1;1.72613;0.771523;0.954605
1;2;1;ONESTACKENEMY;0;0;0;0;0;0;3913;4;2;11;68;2;1.72834;0.771929;0.956412
1;2;1;ONESTACKFRIENDLY;2944;4;8;121;118;805;0;0;0;0;0;0;1.38207;0.776895;0.605175
1;2;1;TWOSTACKS;1159;8;276;0;4;3;2439;3;81;1;26;0;1.57129;0.745635;0.825652
1;2;1;TWOSTACKSENEMYFIRST;112;13;326;0;9;0;3495;2;22;4;16;1;1.6195;0.725017;0.894487
1;2;1;TWOSTACKSENEMY;0;0;0;0;0;0;3891;5;24;9;68;3;1.73153;0.772089;0.959444
1;2;1;TWOSTACKSFRIENDLY;2940;3;5;116;88;848;0;0;0;0;0;0;1.38584;0.775349;0.610488
1;2;1;THREESTACKS;1205;10;253;21;8;1;2403;5;69;10;15;0;1.57347;0.751178;0.822293
1;2;1;THREESTACKSENEMYFIRST;122;9;354;2;9;1;3459;1;15;17;11;0;1.60898;0.720483;0.888497
1;2;1;THREESTACKSENEMY;0;0;0;0;0;0;3856;3;21;41;78;1;1.73317;0.772249;0.96092
1;2;1;THREESTACKSFRIENDLY;2933;3;3;123;100;838;0;0;0;0;0;0;1.38344;0.774048;0.609394
1;2;1;LOWEST;226;0;20;0;33;0;3701;0;8;6;6;0;1.70989;0.775354;0.934533
1;2;1;LOWESTENEMYFIRST;19;2;30;1;0;0;3900;0;6;6;36;0;1.72464;0.771351;0.953294
1;2;1;LOWESTENEMY;0;0;0;0;0;0;3913;3;4;11;69;0;1.73519;0.774471;0.960724
1;2;1;LOWESTFRIENDLY;2915;5;5;119;97;859;0;0;0;0;0;0;1.39076;0.778767;0.611996
1;3;1;FOCUSFRIENDLY;2931;6;6;104;66;887;0;0;0;0;0;0;1.42682;0.776335;0.650486
1;3;1;FOCUSENEMY;0;0;0;0;0;0;3849;1;5;4;120;21;1.83368;0.768106;1.06557
1;3;1;RANDOM;237;0;52;3;87;618;2549;0;27;8;343;76;1.58258;0.683581;0.898998
1;3;1;RANDOMENEMY;0;0;0;0;0;0;3612;0;4;8;292;84;1.83616;0.761309;1.07486
1;3;1;RANDOMFRIENDLY;2923;3;4;130;63;877;0;0;0;0;0;0;1.42732;0.77506;0.652264
1;3;1;ONESTACK;73;0;0;0;0;0;3920;7;0;0;0;0;1.83363;0.773049;1.06058
1;3;1;ONESTACKENEMYFIRST;0;0;0;0;0;0;3997;3;0;0;0;0;1.83635;0.773578;1.06277
1;3;1;ONESTACKENEMY;0;0;0;0;0;0;3995;5;0;0;0;0;1.84062;0.774179;1.06644
1;3;1;ONESTACKFRIENDLY;2921;3;3;112;67;894;0;0;0;0;0;0;1.43313;0.77501;0.658116
1;3;1;TWOSTACKS;1069;6;265;0;0;0;2563;5;92;0;0;0;1.6783;0.751878;0.926417
1;3;1;TWOSTACKSENEMYFIRST;0;3;336;0;0;0;3642;3;16;0;0;0;1.74076;0.731461;1.0093
1;3;1;TWOSTACKSENEMY;0;0;0;0;0;0;3973;4;23;0;0;0;1.84208;0.772282;1.0698
1;3;1;TWOSTACKSFRIENDLY;2946;3;5;107;72;867;0;0;0;0;0;0;1.42115;0.771957;0.649193
1;3;1;THREESTACKS;1137;3;251;38;0;0;2490;1;70;10;0;0;1.67111;0.750576;0.920534
1;3;1;THREESTACKSENEMYFIRST;0;7;316;6;0;0;3650;3;10;8;0;0;1.73882;0.731322;1.0075
1;3;1;THREESTACKSENEMY;0;0;0;0;0;0;3971;1;11;17;0;0;1.83644;0.771509;1.06493
1;3;1;THREESTACKSFRIENDLY;2950;1;5;117;77;850;0;0;0;0;0;0;1.42939;0.77473;0.654661
1;3;1;LOWEST;108;0;0;0;0;0;3892;0;0;0;0;0;1.83008;0.774301;1.05578
1;3;1;LOWESTENEMYFIRST;1;0;0;0;0;0;3999;0;0;0;0;0;1.83986;0.77111;1.06875
1;3;1;LOWESTENEMY;0;0;0;0;0;0;4000;0;0;0;0;0;1.83718;0.772876;1.0643
1;3;1;LOWESTFRIENDLY;2958;5;7;112;56;862;0;0;0;0;0;0;1.42612;0.773331;0.652788
1;4;1;FOCUSFRIENDLY;2943;5;5;117;49;881;0;0;0;0;0;0;1.44574;0.773073;0.672667
1;4;1;FOCUSENEMY;0;0;0;0;0;0;3887;0;6;6;88;13;1.87527;0.76818;1.10709
1;4;1;RANDOM;149;0;50;4;76;519;2858;0;28;0;275;41;1.66444;0.698405;0.966037
1;4;1;RANDOMENEMY;0;0;0;0;0;0;3695;0;6;3;249;47;1.88111;0.765242;1.11587
1;4;1;RANDOMFRIENDLY;2921;3;2;111;57;906;0;0;0;0;0;0;1.44017;0.773091;0.667077
1;4;1;ONESTACK;97;1;0;0;0;0;3900;2;0;0;0;0;1.86148;0.769734;1.09175
1;4;1;ONESTACKENEMYFIRST;0;0;0;0;0;0;3998;2;0;0;0;0;1.87573;0.76622;1.10951
1;4;1;ONESTACKENEMY;0;0;0;0;0;0;3998;2;0;0;0;0;1.87135;0.769737;1.10162
1;4;1;ONESTACKFRIENDLY;2961;5;4;94;54;882;0;0;0;0;0;0;1.44675;0.772616;0.674132
1;4;1;TWOSTACKS;1127;3;272;0;0;0;2494;2;102;0;0;0;1.69791;0.747979;0.949929
1;4;1;TWOSTACKSENEMYFIRST;0;3;334;0;0;0;3642;3;18;0;0;0;1.78538;0.73422;1.05116
1;4;1;TWOSTACKSENEMY;0;0;0;0;0;0;3975;1;24;0;0;0;1.87324;0.769649;1.10359
1;4;1;TWOSTACKSFRIENDLY;2955;1;6;111;54;873;0;0;0;0;0;0;1.44433;0.77482;0.669509
1;4;1;THREESTACKS;1065;2;243;22;0;0;2577;2;87;2;0;0;1.70867;0.747582;0.961088
1;4;1;THREESTACKSENEMYFIRST;0;3;333;1;0;0;3637;0;15;11;0;0;1.78602;0.73369;1.05233
1;4;1;THREESTACKSENEMY;0;0;0;0;0;0;3955;5;29;11;0;0;1.88092;0.770672;1.11025
1;4;1;THREESTACKSFRIENDLY;2959;3;5;108;51;874;0;0;0;0;0;0;1.44454;0.771952;0.672588
1;4;1;LOWEST;103;0;0;0;0;0;3897;0;0;0;0;0;1.86947;0.77005;1.09942
1;4;1;LOWESTENEMYFIRST;0;0;0;0;0;0;4000;0;0;0;0;0;1.8687;0.768523;1.10018
1;4;1;LOWESTENEMY;0;0;0;0;0;0;4000;0;0;0;0;0;1.87109;0.767851;1.10324
1;4;1;LOWESTFRIENDLY;2952;3;6;117;45;877;0;0;0;0;0;0;1.45337;0.773276;0.680094
1;5;1;FOCUSFRIENDLY;2940;3;6;109;49;893;0;0;0;0;0;0;1.45637;0.773199;0.68317
1;5;1;FOCUSENEMY;0;0;0;0;0;0;3910;1;2;5;73;9;1.89173;0.766055;1.12568
1;5;1;RANDOM;123;0;50;3;59;432;3065;1;14;2;234;17;1.71621;0.708454;1.00775
1;5;1;RANDOMENEMY;0;0;0;0;0;0;3757;2;12;2;211;16;1.90287;0.766458;1.13641
1;5;1;RANDOMFRIENDLY;2916;5;1;105;42;931;0;0;0;0;0;0;1.46931;0.775835;0.693475
1;5;1;ONESTACK;81;1;0;0;0;0;3917;1;0;0;0;0;1.89336;0.770827;1.12253
1;5;1;ONESTACKENEMYFIRST;0;0;0;0;0;0;3997;3;0;0;0;0;1.89802;0.767753;1.13027
1;5;1;ONESTACKENEMY;0;0;0;0;0;0;3999;1;0;0;0;0;1.88922;0.764917;1.1243
1;5;1;ONESTACKFRIENDLY;2939;1;3;114;48;895;0;0;0;0;0;0;1.46578;0.773826;0.691949
1;5;1;TWOSTACKS;1023;0;248;0;0;0;2627;5;97;0;0;0;1.74436;0.751958;0.992399
1;5;1;TWOSTACKSENEMYFIRST;0;2;316;0;0;0;3669;2;11;0;0;0;1.80769;0.735236;1.07246
1;5;1;TWOSTACKSENEMY;0;0;0;0;0;0;3975;2;23;0;0;0;1.89018;0.765768;1.12442
1;5;1;TWOSTACKSFRIENDLY;2934;3;3;116;45;899;0;0;0;0;0;0;1.45875;0.773881;0.684867
1;5;1;THREESTACKS;1047;5;244;18;0;0;2598;3;80;5;0;0;1.72914;0.750248;0.978888
1;5;1;THREESTACKSENEMYFIRST;0;2;325;0;0;0;3645;2;19;7;0;0;1.80098;0.733535;1.06744
1;5;1;THREESTACKSENEMY;0;0;0;0;0;0;3966;0;21;13;0;0;1.89934;0.769058;1.13028
1;5;1;THREESTACKSFRIENDLY;2964;3;5;97;36;895;0;0;0;0;0;0;1.46098;0.770324;0.690659
1;5;1;LOWEST;103;0;0;0;0;0;3897;0;0;0;0;0;1.89642;0.770414;1.12601
1;5;1;LOWESTENEMYFIRST;0;0;0;0;0;0;4000;0;0;0;0;0;1.8934;0.76752;1.12588
1;5;1;LOWESTENEMY;0;0;0;0;0;0;4000;0;0;0;0;0;1.8981;0.767635;1.13047
1;5;1;LOWESTFRIENDLY;2939;3;7;105;36;910;0;0;0;0;0;0;1.45774;0.77509;0.68265
1;6;1;FOCUSFRIENDLY;2947;1;4;98;37;913;0;0;0;0;0;0;1.4613;0.773126;0.68817
1;6;1;FOCUSENEMY;0;0;0;0;0;0;3935;0;2;0;60;3;1.91095;0.766718;1.14423
1;6;1;RANDOM;92;0;42;2;64;405;3155;0;17;3;202;18;1.7397;0.713701;1.026
1;6;1;RANDOMENEMY;0;0;0;0;0;0;3796;0;3;2;185;14;1.90225;0.762822;1.13943
1;6;1;RANDOMFRIENDLY;2957;4;2;100;36;901;0;0;0;0;0;0;1.46543;0.77214;0.693292
1;6;1;ONESTACK;65;0;0;0;0;0;3933;2;0;0;0;0;1.91;0.772319;1.13768
1;6;1;ONESTACKENEMYFIRST;0;0;0;0;0;0;3999;1;0;0;0;0;1.9144;0.7683;1.1461
1;6;1;ONESTACKENEMY;0;0;0;0;0;0;3999;1;0;0;0;0;1.90182;0.763238;1.13858
1;6;1;ONESTACKFRIENDLY;2946;1;3;93;36;921;0;0;0;0;0;0;1.47259;0.771486;0.701104
1;6;1;TWOSTACKS;1121;4;255;0;0;0;2517;8;95;0;0;0;1.72577;0.748663;0.977109
1;6;1;TWOSTACKSENEMYFIRST;0;1;303;0;0;0;3674;0;22;0;0;0;1.81799;0.735106;1.08288
1;6;1;TWOSTACKSENEMY;0;0;0;0;0;0;3979;2;19;0;0;0;1.9161;0.770584;1.14551
1;6;1;TWOSTACKSFRIENDLY;2945;1;5;117;38;894;0;0;0;0;0;0;1.46974;0.773184;0.69656
1;6;1;THREESTACKS;1132;3;240;30;0;0;2496;3;92;4;0;0;1.7357;0.750241;0.98546
1;6;1;THREESTACKSENEMYFIRST;0;4;323;2;0;0;3645;3;20;3;0;0;1.82261;0.735125;1.08749
1;6;1;THREESTACKSENEMY;0;0;0;0;0;0;3966;0;22;12;0;0;1.90386;0.765151;1.13871
1;6;1;THREESTACKSFRIENDLY;2963;6;0;110;30;891;0;0;0;0;0;0;1.45983;0.770715;0.689117
1;6;1;LOWEST;84;0;0;0;0;0;3916;0;0;0;0;0;1.91107;0.772939;1.13813
1;6;1;LOWESTENEMYFIRST;0;0;0;0;0;0;4000;0;0;0;0;0;1.90208;0.766647;1.13543
1;6;1;LOWESTENEMY;0;0;0;0;0;0;4000;0;0;0;0;0;1.90085;0.766095;1.13476
1;6;1;LOWESTFRIENDLY;2934;1;2;105;27;931;0;0;0;0;0;0;1.46186;0.773671;0.688194
1;7;1;FOCUSFRIENDLY;2924;4;2;111;29;930;0;0;0;0;0;0;1.47364;0.772038;0.701603
1;7;1;FOCUSENEMY;0;0;0;0;0;0;3936;0;6;0;53;5;1.91542;0.766178;1.14924
1;7;1;RANDOM;46;0;35;0;41;357;3295;0;13;0;194;19;1.78409;0.726268;1.05783
1;7;1;RANDOMENEMY;0;0;0;0;0;0;3822;0;5;2;157;14;1.9167;0.763836;1.15287
1;7;1;RANDOMFRIENDLY;2926;2;8;122;37;905;0;0;0;0;0;0;1.47461;0.774064;0.700545
1;7;1;ONESTACK;83;0;0;0;0;0;3915;2;0;0;0;0;1.91818;0.772543;1.14564
1;7;1;ONESTACKENEMYFIRST;0;0;0;0;0;0;3999;1;0;0;0;0;1.91722;0.767816;1.14941
1;7;1;ONESTACKENEMY;0;0;0;0;0;0;3998;2;0;0;0;0;1.9171;0.769766;1.14734
1;7;1;ONESTACKFRIENDLY;2961;2;4;98;45;890;0;0;0;0;0;0;1.46742;0.769614;0.697809
1;7;1;TWOSTACKS;1083;1;251;0;0;0;2565;3;97;0;0;0;1.75417;0.7502;1.00397
1;7;1;TWOSTACKSENEMYFIRST;0;0;304;0;0;0;3673;3;20;0;0;0;1.82267;0.736974;1.08569
1;7;1;TWOSTACKSENEMY;0;0;0;0;0;0;3971;2;27;0;0;0;1.92017;0.769795;1.15038
1;7;1;TWOSTACKSFRIENDLY;2967;3;3;108;22;897;0;0;0;0;0;0;1.46566;0.771347;0.694316
1;7;1;THREESTACKS;1088;3;237;24;0;0;2549;4;91;4;0;0;1.74666;0.751535;0.995125
1;7;1;THREESTACKSENEMYFIRST;0;1;332;1;0;0;3644;2;17;3;0;0;1.81266;0.732506;1.08016
1;7;1;THREESTACKSENEMY;0;0;0;0;0;0;3963;2;31;4;0;0;1.90775;0.766369;1.14138
1;7;1;THREESTACKSFRIENDLY;2940;3;6;104;28;919;0;0;0;0;0;0;1.4798;0.773404;0.706398
1;7;1;LOWEST;101;0;0;0;0;0;3899;0;0;0;0;0;1.90864;0.768122;1.14052
1;7;1;LOWESTENEMYFIRST;0;0;0;0;0;0;4000;0;0;0;0;0;1.90972;0.765234;1.14449
1;7;1;LOWESTENEMY;0;0;0;0;0;0;4000;0;0;0;0;0;1.92159;0.766062;1.15553
1;7;1;LOWESTFRIENDLY;2948;2;5;133;25;887;0;0;0;0;0;0;1.46776;0.772984;0.69478
1;8;1;FOCUSFRIENDLY;2957;2;4;103;26;908;0;0;0;0;0;0;1.47514;0.770264;0.704875
1;8;1;FOCUSENEMY;0;0;0;0;0;0;3953;0;1;0;42;4;1.91575;0.765832;1.14992
1;8;1;RANDOM;49;0;35;2;33;304;3410;0;8;0;151;8;1.80896;0.730472;1.07849
1;8;1;RANDOMENEMY;0;0;0;0;0;0;3853;0;2;2;137;6;1.91388;0.766525;1.14736
1;8;1;RANDOMFRIENDLY;2928;6;6;108;35;917;0;0;0;0;0;0;1.48132;0.774805;0.706514
1;8;1;ONESTACK;94;1;0;0;0;0;3902;3;0;0;0;0;1.92583;0.768489;1.15735
1;8;1;ONESTACKENEMYFIRST;0;0;0;0;0;0;3994;6;0;0;0;0;1.92449;0.768271;1.15622
1;8;1;ONESTACKENEMY;0;0;0;0;0;0;3999;1;0;0;0;0;1.91819;0.764846;1.15335
1;8;1;ONESTACKFRIENDLY;2940;3;4;115;31;907;0;0;0;0;0;0;1.48173;0.774093;0.707634
1;8;1;TWOSTACKS;1073;2;259;0;0;0;2549;2;115;0;0;0;1.76018;0.754915;1.00527
1;8;1;TWOSTACKSENEMYFIRST;0;2;308;0;0;0;3669;5;16;0;0;0;1.82882;0.733436;1.09539
1;8;1;TWOSTACKSENEMY;0;0;0;0;0;0;3973;3;24;0;0;0;1.92244;0.766101;1.15634
1;8;1;TWOSTACKSFRIENDLY;2959;7;4;107;25;898;0;0;0;0;0;0;1.48199;0.77352;0.708465
1;8;1;THREESTACKS;1114;2;236;44;0;0;2501;6;94;3;0;0;1.74234;0.749781;0.992558
1;8;1;THREESTACKSENEMYFIRST;0;1;334;2;0;0;3627;5;25;6;0;0;1.8215;0.73016;1.09134
1;8;1;THREESTACKSENEMY;0;0;0;0;0;0;3974;3;19;4;0;0;1.92438;0.766384;1.158
1;8;1;THREESTACKSFRIENDLY;2940;4;7;103;22;924;0;0;0;0;0;0;1.48779;0.777235;0.710553
1;8;1;LOWEST;106;0;0;0;0;0;3894;0;0;0;0;0;1.91362;0.767581;1.14603
1;8;1;LOWESTENEMYFIRST;0;0;0;0;0;0;4000;0;0;0;0;0;1.92436;0.767059;1.1573
1;8;1;LOWESTENEMY;0;0;0;0;0;0;4000;0;0;0;0;0;1.91613;0.766582;1.14955
1;8;1;LOWESTFRIENDLY;2917;3;6;115;27;932;0;0;0;0;0;0;1.47404;0.771452;0.702586
1;9;1;FOCUSFRIENDLY;2935;2;2;117;29;915;0;0;0;0;0;0;1.48205;0.774041;0.708014
1;9;1;FOCUSENEMY;0;0;0;0;0;0;3962;0;4;0;34;0;1.9152;0.76482;1.15038
1;9;1;RANDOM;33;0;20;1;51;294;3448;0;9;1;133;10;1.81361;0.732904;1.0807
1;9;1;RANDOMENEMY;0;0;0;0;0;0;3841;0;3;2;139;15;1.92212;0.76262;1.1595
1;9;1;RANDOMFRIENDLY;2969;3;3;102;15;908;0;0;0;0;0;0;1.47523;0.771524;0.703704
1;9;1;ONESTACK;76;0;0;0;0;0;3922;2;0;0;0;0;1.91902;0.767685;1.15133
1;9;1;ONESTACKENEMYFIRST;0;0;0;0;0;0;3998;2;0;0;0;0;1.93092;0.765521;1.1654
1;9;1;ONESTACKENEMY;0;0;0;0;0;0;3999;1;0;0;0;0;1.93453;0.768109;1.16643
1;9;1;ONESTACKFRIENDLY;2957;3;5;107;19;909;0;0;0;0;0;0;1.48202;0.77179;0.710227
1;9;1;TWOSTACKS;1034;0;241;0;0;0;2626;4;95;0;0;0;1.772;0.753569;1.01843
1;9;1;TWOSTACKSENEMYFIRST;0;1;330;0;0;0;3657;1;11;0;0;0;1.81836;0.732718;1.08565
1;9;1;TWOSTACKSENEMY;0;0;0;0;0;0;3981;2;17;0;0;0;1.92756;0.765298;1.16226
1;9;1;TWOSTACKSFRIENDLY;2932;4;6;116;24;918;0;0;0;0;0;0;1.47716;0.772549;0.70461
1;9;1;THREESTACKS;1088;4;238;22;0;0;2551;3;91;3;0;0;1.75257;0.749405;1.00317
1;9;1;THREESTACKSENEMYFIRST;0;2;300;3;0;0;3679;0;13;3;0;0;1.83328;0.733927;1.09935
1;9;1;THREESTACKSENEMY;0;0;0;0;0;0;3965;2;27;6;0;0;1.92097;0.764359;1.15662
1;9;1;THREESTACKSFRIENDLY;2954;2;5;117;25;897;0;0;0;0;0;0;1.47576;0.773123;0.702639
1;9;1;LOWEST;87;0;0;0;0;0;3913;0;0;0;0;0;1.91292;0.766111;1.14681
1;9;1;LOWESTENEMYFIRST;0;0;0;0;0;0;4000;0;0;0;0;0;1.93311;0.766974;1.16614
1;9;1;LOWESTENEMY;0;0;0;0;0;0;4000;0;0;0;0;0;1.91687;0.766002;1.15086
1;9;1;LOWESTFRIENDLY;2931;4;7;120;23;915;0;0;0;0;0;0;1.48494;0.774958;0.709977
1;10;1;FOCUSFRIENDLY;2920;3;6;117;20;934;0;0;0;0;0;0;1.48906;0.777824;0.711236
1;10;1;FOCUSENEMY;0;0;0;0;0;0;3956;0;2;0;41;1;1.92692;0.763167;1.16375
1;10;1;RANDOM;37;0;25;2;36;269;3502;0;9;3;114;3;1.82092;0.732959;1.08796
1;10;1;RANDOMENEMY;0;0;0;0;0;0;3893;0;3;1;100;3;1.93525;0.769393;1.16586
1;10;1;RANDOMFRIENDLY;2922;6;4;110;24;934;0;0;0;0;0;0;1.4872;0.773436;0.713768
1;10;1;ONESTACK;97;1;0;0;0;0;3899;3;0;0;0;0;1.92554;0.770529;1.15501
1;10;1;ONESTACKENEMYFIRST;0;0;0;0;0;0;3999;1;0;0;0;0;1.94076;0.767731;1.17303
1;10;1;ONESTACKENEMY;0;0;0;0;0;0;3998;2;0;0;0;0;1.92143;0.766808;1.15462
1;10;1;ONESTACKFRIENDLY;2940;3;7;124;15;911;0;0;0;0;0;0;1.48601;0.77411;0.711895
1;10;1;TWOSTACKS;1103;0;264;0;0;0;2518;4;111;0;0;0;1.75874;0.752378;1.00636
1;10;1;TWOSTACKSENEMYFIRST;0;2;323;0;0;0;3653;3;19;0;0;0;1.84261;0.733489;1.10913
1;10;1;TWOSTACKSENEMY;0;0;0;0;0;0;3974;1;25;0;0;0;1.93172;0.76457;1.16715
1;10;1;TWOSTACKSFRIENDLY;2960;5;3;110;24;898;0;0;0;0;0;0;1.4736;0.771285;0.702318
1;10;1;THREESTACKS;1005;1;222;31;0;0;2636;5;96;4;0;0;1.77533;0.758394;1.01694
1;10;1;THREESTACKSENEMYFIRST;0;0;333;3;0;0;3645;1;14;4;0;0;1.83123;0.733859;1.09737
1;10;1;THREESTACKSENEMY;0;0;0;0;0;0;3967;2;28;3;0;0;1.93745;0.765637;1.17181
1;10;1;THREESTACKSFRIENDLY;2949;2;4;110;29;906;0;0;0;0;0;0;1.48286;0.775063;0.707792
1;10;1;LOWEST;114;0;0;0;0;0;3886;0;0;0;0;0;1.91932;0.768483;1.15084
1;10;1;LOWESTENEMYFIRST;0;0;0;0;0;0;4000;0;0;0;0;0;1.92758;0.763132;1.16445
1;10;1;LOWESTENEMY;0;0;0;0;0;0;4000;0;0;0;0;0;1.92373;0.765427;1.15831
1;10;1;LOWESTFRIENDLY;2916;3;4;117;24;936;0;0;0;0;0;0;1.48879;0.774991;0.713803
5;1;1;FOCUSFRIENDLY;3917;0;6;2;73;2;0;0;0;0;0;0;1.89935;1.13172;0.767625
5;1;1;FOCUSENEMY;0;0;0;0;0;0;2941;3;5;119;47;885;1.46022;0.686293;0.773924
5;1;1;RANDOM;3088;0;10;7;222;22;118;0;34;3;68;428;1.72218;1.00916;0.713016
5;1;1;RANDOMENEMY;0;0;0;0;0;0;2956;3;3;110;35;893;1.45906;0.685703;0.773357
5;1;1;RANDOMFRIENDLY;3743;2;7;1;229;18;0;0;0;0;0;0;1.89859;1.13203;0.76656
5;1;1;ONESTACK;4000;0;0;0;0;0;0;0;0;0;0;0;1.8932;1.12583;0.767374
5;1;1;ONESTACKENEMYFIRST;3901;4;0;0;0;0;95;0;0;0;0;0;1.88922;1.1181;0.771119
5;1;1;ONESTACKENEMY;0;0;0;0;0;0;2931;2;7;110;45;905;1.46026;0.685908;0.774348
5;1;1;ONESTACKFRIENDLY;3997;3;0;0;0;0;0;0;0;0;0;0;1.90017;1.13021;0.769958
5;1;1;TWOSTACKS;3663;4;16;0;0;0;0;2;315;0;0;0;1.80351;1.07156;0.731955
5;1;1;TWOSTACKSENEMYFIRST;2594;7;97;0;0;0;1049;1;252;0;0;0;1.73333;0.984554;0.748772
5;1;1;TWOSTACKSENEMY;0;0;0;0;0;0;2935;6;9;113;41;896;1.46047;0.685369;0.775099
5;1;1;TWOSTACKSFRIENDLY;3979;5;16;0;0;0;0;0;0;0;0;0;1.90129;1.13298;0.768308
5;1;1;THREESTACKS;3641;1;13;9;0;0;0;1;335;0;0;0;1.80169;1.06922;0.732477
5;1;1;THREESTACKSENEMYFIRST;2597;2;78;1;0;0;1052;3;246;21;0;0;1.72909;0.977284;0.751806
5;1;1;THREESTACKSENEMY;0;0;0;0;0;0;2951;6;2;120;50;871;1.45292;0.680878;0.772046
5;1;1;THREESTACKSFRIENDLY;3954;2;30;14;0;0;0;0;0;0;0;0;1.89434;1.12546;0.768888
5;1;1;LOWEST;4000;0;0;0;0;0;0;0;0;0;0;0;1.89842;1.12887;0.769549
5;1;1;LOWESTENEMYFIRST;3932;0;0;0;0;0;68;0;0;0;0;0;1.89341;1.12301;0.770399
5;1;1;LOWESTENEMY;0;0;0;0;0;0;2937;3;4;120;41;895;1.45839;0.685838;0.772554
5;1;1;LOWESTFRIENDLY;4000;0;0;0;0;0;0;0;0;0;0;0;1.90289;1.13614;0.766746
5;2;1;FOCUSFRIENDLY;3510;28;81;30;292;59;0;0;0;0;0;0;3.06533;1.75598;1.30935
5;2;1;FOCUSENEMY;0;0;0;0;0;0;2643;34;62;323;125;813;2.63822;1.30949;1.32873
5;2;1;RANDOM;2207;12;120;32;405;70;350;10;103;49;138;504;2.83217;1.55541;1.27676
5;2;1;RANDOMENEMY;0;0;0;0;0;0;2636;49;69;257;111;878;2.63969;1.3092;1.33049
5;2;1;RANDOMFRIENDLY;3359;12;79;30;425;95;0;0;0;0;0;0;3.06688;1.74729;1.31959
5;2;1;ONESTACK;3866;75;0;0;0;0;0;59;0;0;0;0;3.11549;1.75912;1.35637
5;2;1;ONESTACKENEMYFIRST;1877;113;0;0;0;0;1938;72;0;0;0;0;2.96796;1.59877;1.36919
5;2;1;ONESTACKENEMY;0;0;0;0;0;0;3019;123;46;199;74;539;2.7357;1.3629;1.3728
5;2;1;ONESTACKFRIENDLY;3928;72;0;0;0;0;0;0;0;0;0;0;3.10169;1.75469;1.347
5;2;1;TWOSTACKS;2894;42;326;0;0;0;0;26;712;0;0;0;2.87809;1.58895;1.28914
5;2;1;TWOSTACKSENEMYFIRST;1302;75;737;0;0;0;1341;25;520;0;0;0;2.8114;1.5238;1.2876
5;2;1;TWOSTACKSENEMY;0;0;0;0;0;0;2977;90;136;229;65;503;2.72765;1.35877;1.36888
5;2;1;TWOSTACKSFRIENDLY;3707;54;239;0;0;0;0;0;0;0;0;0;3.09171;1.75826;1.33346
5;2;1;THREESTACKS;2598;37;311;128;0;0;0;15;544;367;0;0;2.80847;1.54969;1.25878
5;2;1;THREESTACKSENEMYFIRST;1031;85;663;107;0;0;1284;20;380;430;0;0;2.72229;1.46379;1.25849
5;2;1;THREESTACKSENEMY;0;0;0;0;0;0;2890;33;77;534;65;401;2.72121;1.35463;1.36658
5;2;1;THREESTACKSFRIENDLY;3594;41;236;129;0;0;0;0;0;0;0;0;3.08855;1.7532;1.33535
5;2;1;LOWEST;4000;0;0;0;0;0;0;0;0;0;0;0;3.10765;1.76316;1.34449
5;2;1;LOWESTENEMYFIRST;1848;0;0;0;0;0;2152;0;0;0;0;0;2.94054;1.5731;1.36743
5;2;1;LOWESTENEMY;0;0;0;0;0;0;3063;64;51;363;87;372;2.73509;1.36136;1.37374
5;2;1;LOWESTFRIENDLY;4000;0;0;0;0;0;0;0;0;0;0;0;3.09998;1.7614;1.33858
5;3;1;FOCUSFRIENDLY;2854;95;183;141;546;181;0;0;0;0;0;0;4.07695;2.25755;1.8194
5;3;1;FOCUSENEMY;0;0;0;0;0;0;2352;113;137;406;215;777;3.69261;1.81666;1.87595
5;3;1;RANDOM;1582;59;195;75;419;134;583;43;153;137;177;443;3.80042;2.02202;1.7784
5;3;1;RANDOMENEMY;0;0;0;0;0;0;2449;110;127;323;207;784;3.75468;1.85241;1.90227
5;3;1;RANDOMFRIENDLY;2969;71;168;124;466;202;0;0;0;0;0;0;4.07758;2.25061;1.82697
5;3;1;ONESTACK;3408;282;0;0;0;0;27;283;0;0;0;0;4.11076;2.23657;1.8742
5;3;1;ONESTACKENEMYFIRST;1047;338;0;0;0;0;2377;238;0;0;0;0;4.07908;2.11038;1.9687
5;3;1;ONESTACKENEMY;0;0;0;0;0;0;3159;308;52;142;67;272;3.9111;1.95123;1.95987
5;3;1;ONESTACKFRIENDLY;3724;257;6;3;9;1;0;0;0;0;0;0;4.1892;2.28549;1.90371
5;3;1;TWOSTACKS;2134;131;680;0;0;0;33;122;900;0;0;0;3.89139;2.06556;1.82583
5;3;1;TWOSTACKSENEMYFIRST;719;152;966;0;0;0;1332;137;694;0;0;0;3.8268;1.99435;1.83244
5;3;1;TWOSTACKSENEMY;0;0;0;0;0;0;2901;227;406;140;53;273;3.93995;1.95416;1.98579
5;3;1;TWOSTACKSFRIENDLY;3247;190;560;0;3;0;0;0;0;0;0;0;4.1235;2.26434;1.85915
5;3;1;THREESTACKS;1522;95;592;421;0;0;32;68;514;756;0;0;3.75801;1.98962;1.76839
5;3;1;THREESTACKSENEMYFIRST;429;129;760;276;0;0;1075;57;434;840;0;0;3.7285;1.92707;1.80143
5;3;1;THREESTACKSENEMY;0;0;0;0;0;0;2545;91;247;911;46;160;3.87327;1.91562;1.95765
5;3;1;THREESTACKSFRIENDLY;2890;145;545;412;7;1;0;0;0;0;0;0;4.12833;2.27008;1.85825
5;3;1;LOWEST;3973;0;0;0;0;0;27;0;0;0;0;0;4.16964;2.28728;1.88236
5;3;1;LOWESTENEMYFIRST;1115;0;1;0;0;0;2884;0;0;0;0;0;4.09326;2.10845;1.98481
5;3;1;LOWESTENEMY;0;0;0;0;0;0;3337;101;104;273;90;95;3.94036;1.95817;1.98219
5;3;1;LOWESTFRIENDLY;3982;6;6;4;2;0;0;0;0;0;0;0;4.15722;2.2785;1.87872
5;4;1;FOCUSFRIENDLY;2606;146;211;232;452;353;0;0;0;0;0;0;4.64535;2.51053;2.13482
5;4;1;FOCUSENEMY;0;0;0;0;0;0;2285;166;205;368;346;630;4.53777;2.1889;2.34887
5;4;1;RANDOM;1244;107;219;108;360;226;736;80;189;149;221;361;4.62582;2.38127;2.24455
5;4;1;RANDOMENEMY;0;0;0;0;0;0;2482;144;204;302;276;592;4.62368;2.24923;2.37445
5;4;1;RANDOMFRIENDLY;2768;137;193;188;405;309;0;0;0;0;0;0;4.82319;2.59339;2.22981
5;4;1;ONESTACK;2753;551;0;0;0;0;110;586;0;0;0;0;4.84062;2.54656;2.29406
5;4;1;ONESTACKENEMYFIRST;544;605;0;0;0;0;2293;557;0;0;1;0;4.92229;2.47758;2.4447
5;4;1;ONESTACKENEMY;0;0;0;0;0;0;3154;521;45;102;52;126;4.91634;2.42588;2.49045
5;4;1;ONESTACKFRIENDLY;3462;477;13;13;26;9;0;0;0;0;0;0;4.98153;2.63917;2.34236
5;4;1;TWOSTACKS;1431;253;975;0;0;0;96;236;1009;0;0;0;4.73862;2.44416;2.29446
5;4;1;TWOSTACKSENEMYFIRST;315;212;1093;0;0;0;1203;245;932;0;0;0;4.72293;2.38866;2.33426
5;4;1;TWOSTACKSENEMY;0;0;0;0;0;0;2804;339;681;52;41;83;4.92335;2.40858;2.51477
5;4;1;TWOSTACKSFRIENDLY;2854;317;800;6;16;7;0;0;0;0;0;0;4.99921;2.66905;2.33016
5;4;1;THREESTACKS;760;134;713;745;0;0;51;144;519;934;0;0;4.55408;2.33322;2.22086
5;4;1;THREESTACKSENEMYFIRST;109;156;754;552;0;0;744;90;534;1061;0;0;4.54742;2.29138;2.25603
5;4;1;THREESTACKSENEMY;0;0;0;0;0;0;2315;160;468;1011;13;33;4.8058;2.34348;2.46232
5;4;1;THREESTACKSFRIENDLY;2396;201;698;697;7;1;0;0;0;0;0;0;5.01325;2.67438;2.33887
5;4;1;LOWEST;3904;0;0;0;0;0;96;0;0;0;0;0;4.84199;2.58028;2.26171
5;4;1;LOWESTENEMYFIRST;540;0;0;0;0;0;3460;0;0;0;0;0;4.94782;2.4594;2.48842
5;4;1;LOWESTENEMY;0;0;0;0;0;0;3628;103;110;120;32;7;4.81101;2.35697;2.45403
5;4;1;LOWESTFRIENDLY;3922;26;28;15;9;0;0;0;0;0;0;0;4.86003;2.59269;2.26734
5;5;1;FOCUSFRIENDLY;2496;166;235;304;387;412;0;0;0;0;0;0;4.9981;2.64133;2.35677
5;5;1;FOCUSENEMY;0;0;0;0;0;0;2458;202;223;304;401;412;5.02343;2.37205;2.65138
5;5;1;RANDOM;998;103;231;144;250;245;1075;97;216;137;255;249;4.9562;2.47848;2.47772
5;5;1;RANDOMENEMY;0;0;0;0;0;0;2623;177;215;257;320;408;5.19331;2.46581;2.7275
5;5;1;RANDOMFRIENDLY;2700;167;224;250;308;351;0;0;0;0;0;0;5.10477;2.68196;2.42281
5;5;1;ONESTACK;2325;751;0;0;0;0;198;726;0;0;0;0;5.46351;2.78624;2.67727
5;5;1;ONESTACKENEMYFIRST;225;742;0;0;0;0;2247;786;0;0;0;0;5.47057;2.67693;2.79364
5;5;1;ONESTACKENEMY;0;0;0;0;0;0;3208;670;16;40;37;29;5.51208;2.66596;2.84612
5;5;1;ONESTACKFRIENDLY;3213;649;26;34;51;27;0;0;0;0;0;0;5.50973;2.84401;2.66572
5;5;1;TWOSTACKS;1116;289;1063;0;0;0;135;262;1135;0;0;0;5.39838;2.73217;2.66621
5;5;1;TWOSTACKSENEMYFIRST;129;282;1092;0;0;0;1084;305;1108;0;0;0;5.3427;2.6428;2.6999
5;5;1;TWOSTACKSENEMY;0;0;0;0;0;0;2600;424;918;18;16;24;5.53217;2.6462;2.88597
5;5;1;TWOSTACKSFRIENDLY;2616;406;930;11;18;19;0;0;0;0;0;0;5.59514;2.90669;2.68845
5;5;1;THREESTACKS;488;133;633;1101;0;0;41;171;609;824;0;0;5.24172;2.64274;2.59898
5;5;1;THREESTACKSENEMYFIRST;36;134;657;829;0;0;519;147;640;1038;0;0;5.14022;2.54569;2.59453
5;5;1;THREESTACKSENEMY;0;0;0;0;0;0;2155;203;627;1003;6;6;5.46668;2.61578;2.8509
5;5;1;THREESTACKSFRIENDLY;2172;204;611;1006;4;3;0;0;0;0;0;0;5.44689;2.84627;2.60061
5;5;1;LOWEST;3758;0;0;0;0;0;242;0;0;0;0;0;5.37281;2.78647;2.58634
5;5;1;LOWESTENEMYFIRST;214;0;0;0;0;0;3786;0;0;0;0;0;5.34078;2.5676;2.77318
5;5;1;LOWESTENEMY;0;0;0;0;0;0;3816;85;51;38;10;0;5.37397;2.57654;2.79742
5;5;1;LOWESTFRIENDLY;3829;65;56;43;6;1;0;0;0;0;0;0;5.27744;2.75474;2.5227
5;6;1;FOCUSFRIENDLY;2324;191;261;362;321;541;0;0;0;0;0;0;5.36885;2.77385;2.595
5;6;1;FOCUSENEMY;0;0;0;0;0;0;2719;173;237;218;377;276;5.20707;2.4064;2.80066
5;6;1;RANDOM;826;89;216;166;199;293;1242;123;236;119;301;190;5.40213;2.63359;2.76854
5;6;1;RANDOMENEMY;0;0;0;0;0;0;2921;138;209;189;313;230;5.27238;2.43708;2.8353
5;6;1;RANDOMFRIENDLY;2592;181;208;303;245;471;0;0;0;0;0;0;5.39806;2.78164;2.61642
5;6;1;ONESTACK;2069;848;0;0;0;0;307;776;0;0;0;0;5.82851;2.89917;2.92933
5;6;1;ONESTACKENEMYFIRST;96;749;0;0;0;0;2342;813;0;0;0;0;5.74642;2.75172;2.9947
5;6;1;ONESTACKENEMY;0;0;0;0;0;0;3280;676;17;6;11;10;5.75586;2.71268;3.04317
5;6;1;ONESTACKFRIENDLY;3088;776;23;38;26;49;0;0;0;0;0;0;5.65079;2.87172;2.77907
5;6;1;TWOSTACKS;910;323;1101;0;0;0;165;283;1218;0;0;0;5.68321;2.81941;2.8638
5;6;1;TWOSTACKSENEMYFIRST;55;286;1060;0;0;0;1136;271;1192;0;0;0;5.66874;2.76365;2.90509
5;6;1;TWOSTACKSENEMY;0;0;0;0;0;0;2508;399;1078;3;8;4;6.03245;2.83899;3.19347
5;6;1;TWOSTACKSFRIENDLY;2552;460;893;36;28;31;0;0;0;0;0;0;5.8466;2.98681;2.85979
5;6;1;THREESTACKS;489;101;581;1244;0;0;39;167;667;712;0;0;5.52933;2.75246;2.77688
5;6;1;THREESTACKSENEMYFIRST;20;133;482;1085;0;0;461;125;751;943;0;0;5.56672;2.72163;2.84509
5;6;1;THREESTACKSENEMY;0;0;0;0;0;0;2219;197;722;860;2;0;5.66309;2.63762;3.02547
5;6;1;THREESTACKSFRIENDLY;2092;193;555;1146;6;8;0;0;0;0;0;0;5.68128;2.9064;2.77488
5;6;1;LOWEST;3691;0;0;0;0;0;309;0;0;0;0;0;5.54759;2.81999;2.7276
5;6;1;LOWESTENEMYFIRST;84;0;0;0;0;0;3916;0;0;0;0;0;5.46783;2.55528;2.91255
5;6;1;LOWESTENEMY;0;0;0;0;0;0;3933;31;24;10;2;0;5.46914;2.55327;2.91587
5;6;1;LOWESTFRIENDLY;3754;101;75;55;14;1;0;0;0;0;0;0;5.39756;2.77295;2.62461
5;7;1;FOCUSFRIENDLY;2295;203;224;377;278;623;0;0;0;0;0;0;5.49045;2.79921;2.69125
5;7;1;FOCUSENEMY;0;0;0;0;0;0;2858;138;209;195;412;188;5.50114;2.49867;3.00247
5;7;1;RANDOM;733;95;230;157;155;281;1445;110;211;124;332;127;5.62775;2.68446;2.94329
5;7;1;RANDOMENEMY;0;0;0;0;0;0;3033;140;196;163;298;170;5.38896;2.44684;2.94212
5;7;1;RANDOMFRIENDLY;2538;206;197;317;212;530;0;0;0;0;0;0;5.55537;2.8128;2.74257
5;7;1;ONESTACK;1970;864;0;0;0;0;376;790;0;0;0;0;5.94657;2.9121;3.03446
5;7;1;ONESTACKENEMYFIRST;39;761;0;0;0;0;2402;798;0;0;0;0;6.00738;2.82316;3.18421
5;7;1;ONESTACKENEMY;0;0;0;0;0;0;3391;598;2;0;7;2;5.8173;2.68823;3.12907
5;7;1;ONESTACKFRIENDLY;3050;727;37;69;45;72;0;0;0;0;0;0;5.85155;2.9181;2.93345
5;7;1;TWOSTACKS;931;298;1038;0;0;0;219;276;1238;0;0;0;5.86592;2.86099;3.00493
5;7;1;TWOSTACKSENEMYFIRST;22;258;1025;0;0;0;1145;302;1248;0;0;0;5.92941;2.84184;3.08757
5;7;1;TWOSTACKSENEMY;0;0;0;0;0;0;2539;390;1070;0;0;1;6.05013;2.78754;3.26259
5;7;1;TWOSTACKSFRIENDLY;2510;504;843;58;18;67;0;0;0;0;0;0;6.06316;3.04193;3.02122
5;7;1;THREESTACKS;484;119;516;1296;0;0;63;150;738;634;0;0;5.75319;2.817;2.93619
5;7;1;THREESTACKSENEMYFIRST;9;114;436;1176;0;0;524;128;797;816;0;0;5.76718;2.77729;2.98989
5;7;1;THREESTACKSENEMY;0;0;0;0;0;0;2239;224;774;762;1;0;5.99908;2.76986;3.22923
5;7;1;THREESTACKSFRIENDLY;2034;199;471;1280;5;11;0;0;0;0;0;0;5.90556;2.97054;2.93502
5;7;1;LOWEST;3570;0;0;0;0;0;430;0;0;0;0;0;5.57803;2.78178;2.79625
5;7;1;LOWESTENEMYFIRST;28;0;0;0;0;0;3972;0;0;0;0;0;5.45886;2.48184;2.97702
5;7;1;LOWESTENEMY;0;0;0;0;0;0;3978;11;6;4;1;0;5.34521;2.42836;2.91684
5;7;1;LOWESTFRIENDLY;3616;157;108;96;20;3;0;0;0;0;0;0;5.65667;2.84777;2.8089
5;8;1;FOCUSFRIENDLY;2294;208;215;426;201;656;0;0;0;0;0;0;5.5201;2.78211;2.738
5;8;1;FOCUSENEMY;0;0;0;0;0;0;2987;113;223;157;391;129;5.54197;2.47813;3.06384
5;8;1;RANDOM;690;73;223;143;158;288;1577;101;223;95;319;110;5.76845;2.71024;3.05822
5;8;1;RANDOMENEMY;0;0;0;0;0;0;3164;131;165;105;303;132;5.35227;2.37757;2.9747
5;8;1;RANDOMFRIENDLY;2562;213;188;334;189;514;0;0;0;0;0;0;5.50624;2.76549;2.74075
5;8;1;ONESTACK;1947;871;0;0;0;0;382;800;0;0;0;0;6.11636;2.95399;3.16237
5;8;1;ONESTACKENEMYFIRST;11;799;0;0;0;0;2376;814;0;0;0;0;6.06212;2.80205;3.26007
5;8;1;ONESTACKENEMY;0;0;0;0;0;0;3416;578;1;3;1;1;5.75497;2.62206;3.13291
5;8;1;ONESTACKFRIENDLY;3038;731;30;80;35;86;0;0;0;0;0;0;5.89378;2.91556;2.97822
5;8;1;TWOSTACKS;937;253;1037;0;0;0;248;234;1291;0;0;0;6.00388;2.89013;3.11375
5;8;1;TWOSTACKSENEMYFIRST;4;278;974;0;0;0;1175;264;1305;0;0;0;6.19578;2.92377;3.27202
5;8;1;TWOSTACKSENEMY;0;0;0;0;0;0;2586;381;1031;1;1;0;6.07503;2.75267;3.32236
5;8;1;TWOSTACKSFRIENDLY;2520;491;819;66;21;83;0;0;0;0;0;0;6.15148;3.04961;3.10186
5;8;1;THREESTACKS;482;116;482;1358;0;0;75;151;740;596;0;0;5.82238;2.82186;3.00052
5;8;1;THREESTACKSENEMYFIRST;3;120;398;1213;0;0;538;130;846;752;0;0;5.95964;2.8377;3.12193
5;8;1;THREESTACKSENEMY;0;0;0;0;0;0;2176;259;905;660;0;0;6.18048;2.79036;3.39012
5;8;1;THREESTACKSFRIENDLY;1971;212;475;1323;5;14;0;0;0;0;0;0;5.99338;2.98329;3.01009
5;8;1;LOWEST;3498;0;0;0;0;0;502;0;0;0;0;0;5.77355;2.83483;2.93872
5;8;1;LOWESTENEMYFIRST;5;0;0;0;0;0;3995;0;0;0;0;0;5.63148;2.51588;3.1156
5;8;1;LOWESTENEMY;0;0;0;0;0;0;3994;1;3;1;1;0;5.31047;2.35801;2.95246
5;8;1;LOWESTFRIENDLY;3600;156;100;124;15;5;0;0;0;0;0;0;5.64503;2.82575;2.81929
5;9;1;FOCUSFRIENDLY;2356;234;214;407;191;598;0;0;0;0;0;0;5.50808;2.7584;2.74969
5;9;1;FOCUSENEMY;0;0;0;0;0;0;3138;107;201;99;363;92;5.50912;2.42575;3.08337
5;9;1;RANDOM;625;78;178;129;124;293;1806;100;188;93;302;84;5.80583;2.68792;3.11791
5;9;1;RANDOMENEMY;0;0;0;0;0;0;3293;101;141;103;277;85;5.27549;2.31277;2.96272
5;9;1;RANDOMFRIENDLY;2606;192;173;312;190;527;0;0;0;0;0;0;5.49559;2.7332;2.76239
5;9;1;ONESTACK;1933;864;0;0;0;0;405;798;0;0;0;0;6.19726;2.95995;3.23731
5;9;1;ONESTACKENEMYFIRST;1;766;0;0;0;0;2431;802;0;0;0;0;6.22321;2.84283;3.38037
5;9;1;ONESTACKENEMY;0;0;0;0;0;0;3408;592;0;0;0;0;5.89941;2.64655;3.25286
5;9;1;ONESTACKFRIENDLY;3018;729;33;73;38;109;0;0;0;0;0;0;5.86367;2.87963;2.98404
5;9;1;TWOSTACKS;865;255;1082;0;0;0;244;219;1335;0;0;0;6.19646;2.9432;3.25326
5;9;1;TWOSTACKSENEMYFIRST;2;264;951;0;0;0;1168;289;1326;0;0;0;6.25208;2.91531;3.33677
5;9;1;TWOSTACKSENEMY;0;0;0;0;0;0;2488;374;1138;0;0;0;6.33541;2.84828;3.48713
5;9;1;TWOSTACKSFRIENDLY;2629;453;745;60;28;85;0;0;0;0;0;0;6.04998;2.99046;3.05953
5;9;1;THREESTACKS;451;104;446;1451;0;0;68;155;789;536;0;0;5.93721;2.85186;3.08535
5;9;1;THREESTACKSENEMYFIRST;0;129;421;1237;0;0;542;133;859;679;0;0;5.97133;2.82373;3.1476
5;9;1;THREESTACKSENEMY;0;0;0;0;0;0;2312;210;877;601;0;0;5.99552;2.68812;3.30739
5;9;1;THREESTACKSFRIENDLY;2003;181;434;1348;7;27;0;0;0;0;0;0;6.04841;2.98794;3.06047
5;9;1;LOWEST;3510;0;0;0;0;0;490;0;0;0;0;0;5.74775;2.80395;2.94379
5;9;1;LOWESTENEMYFIRST;2;0;0;0;0;0;3998;0;0;0;0;0;5.37672;2.36323;3.01349
5;9;1;LOWESTENEMY;0;0;0;0;0;0;3999;1;0;0;0;0;5.06741;2.21505;2.85236
5;9;1;LOWESTFRIENDLY;3594;177;80;129;14;6;0;0;0;0;0;0;5.57757;2.77877;2.79881
5;10;1;FOCUSFRIENDLY;2363;236;194;401;160;646;0;0;0;0;0;0;5.55292;2.75762;2.7953
5;10;1;FOCUSENEMY;0;0;0;0;0;0;3293;91;167;93;299;57;5.41759;2.36679;3.0508
5;10;1;RANDOM;577;69;205;106;122;243;1958;65;215;68;306;66;5.79166;2.65884;3.13283
5;10;1;RANDOMENEMY;0;0;0;0;0;0;3249;91;176;94;310;80;5.53585;2.42095;3.1149
5;10;1;RANDOMFRIENDLY;2568;218;190;327;181;516;0;0;0;0;0;0;5.56218;2.75936;2.80282
5;10;1;ONESTACK;1870;839;0;0;0;0;491;800;0;0;0;0;6.27627;2.96526;3.31102
5;10;1;ONESTACKENEMYFIRST;0;686;0;0;0;0;2550;764;0;0;0;0;6.17084;2.78298;3.38786
5;10;1;ONESTACKENEMY;0;0;0;0;0;0;3451;549;0;0;0;0;5.79203;2.57341;3.21862
5;10;1;ONESTACKFRIENDLY;3045;723;34;72;20;106;0;0;0;0;0;0;5.78101;2.82188;2.95913
5;10;1;TWOSTACKS;882;279;1025;0;0;0;268;245;1301;0;0;0;6.11668;2.89837;3.21831
5;10;1;TWOSTACKSENEMYFIRST;0;273;911;0;0;0;1231;277;1308;0;0;0;6.26573;2.90589;3.35984
5;10;1;TWOSTACKSENEMY;0;0;0;0;0;0;2538;358;1104;0;0;0;6.18067;2.74034;3.44032
5;10;1;TWOSTACKSFRIENDLY;2542;479;780;60;21;118;0;0;0;0;0;0;6.1442;3.00917;3.13503
5;10;1;THREESTACKS;503;116;430;1406;0;0;85;150;806;504;0;0;5.99295;2.86008;3.13287
5;10;1;THREESTACKSENEMYFIRST;1;94;402;1250;0;0;583;137;909;624;0;0;6.0058;2.81514;3.19066
5;10;1;THREESTACKSENEMY;0;0;0;0;0;0;2195;258;920;627;0;0;6.30413;2.80321;3.50091
5;10;1;THREESTACKSFRIENDLY;1972;185;386;1427;4;26;0;0;0;0;0;0;6.08313;2.99179;3.09134
5;10;1;LOWEST;3510;0;0;0;0;0;490;0;0;0;0;0;5.69642;2.75632;2.94011
5;10;1;LOWESTENEMYFIRST;0;0;0;0;0;0;4000;0;0;0;0;0;5.24192;2.27331;2.96861
5;10;1;LOWESTENEMY;0;0;0;0;0;0;4000;0;0;0;0;0;5.30472;2.30738;2.99734
5;10;1;LOWESTFRIENDLY;3599;175;82;125;12;7;0;0;0;0;0;0;5.58754;2.75748;2.83005
20;1;1;FOCUSFRIENDLY;3981;2;1;0;16;0;0;0;0;0;0;0;1.95398;1.18869;0.765289
20;1;1;FOCUSENEMY;0;0;0;0;0;0;2941;2;3;106;11;937;1.49448;0.722465;0.772019
20;1;1;RANDOM;3738;0;1;0;63;0;11;0;16;1;21;149;1.88963;1.13693;0.752695
20;1;1;RANDOMENEMY;0;0;0;0;0;0;2950;1;1;101;9;938;1.49556;0.724152;0.771405
20;1;1;RANDOMFRIENDLY;3928;0;1;0;68;3;0;0;0;0;0;0;1.94381;1.17717;0.766639
20;1;1;ONESTACK;3998;2;0;0;0;0;0;0;0;0;0;0;1.94859;1.18441;0.764186
20;1;1;ONESTACKENEMYFIRST;3923;1;0;0;0;0;76;0;0;0;0;0;1.93952;1.17129;0.768228
20;1;1;ONESTACKENEMY;0;0;0;0;0;0;2944;5;3;102;21;925;1.49492;0.72157;0.773346
20;1;1;ONESTACKFRIENDLY;3998;2;0;0;0;0;0;0;0;0;0;0;1.94537;1.18052;0.764847
20;1;1;TWOSTACKS;3651;4;22;0;0;0;0;0;323;0;0;0;1.85167;1.11731;0.734358
20;1;1;TWOSTACKSENEMYFIRST;2641;10;106;0;0;0;1009;0;234;0;0;0;1.78463;1.03341;0.751217
20;1;1;TWOSTACKSENEMY;0;0;0;0;0;0;2933;2;4;122;15;924;1.49638;0.721761;0.774621
20;1;1;TWOSTACKSFRIENDLY;3977;2;21;0;0;0;0;0;0;0;0;0;1.93575;1.17135;0.764394
20;1;1;THREESTACKS;3659;3;16;1;0;0;0;0;315;6;0;0;1.85331;1.11803;0.735283
20;1;1;THREESTACKSENEMYFIRST;2506;2;98;0;0;0;1116;2;255;21;0;0;1.77479;1.02007;0.754713
20;1;1;THREESTACKSENEMY;0;0;0;0;0;0;2951;5;4;98;12;930;1.49572;0.719987;0.775731
20;1;1;THREESTACKSFRIENDLY;3975;2;22;1;0;0;0;0;0;0;0;0;1.94648;1.18121;0.765263
20;1;1;LOWEST;4000;0;0;0;0;0;0;0;0;0;0;0;1.93778;1.17256;0.765216
20;1;1;LOWESTENEMYFIRST;3904;0;0;0;0;0;96;0;0;0;0;0;1.94211;1.17229;0.769821
20;1;1;LOWESTENEMY;0;0;0;0;0;0;2927;5;2;126;12;928;1.49244;0.719161;0.773282
20;1;1;LOWESTFRIENDLY;4000;0;0;0;0;0;0;0;0;0;0;0;1.95582;1.18987;0.765956
20;2;1;FOCUSFRIENDLY;3881;7;25;3;81;3;0;0;0;0;0;0;3.26617;1.92409;1.34207
20;2;1;FOCUSENEMY;0;0;0;0;0;0;2534;57;71;365;47;926;2.76366;1.41828;1.34538
20;2;1;RANDOM;3476;4;28;6;145;7;61;3;40;15;43;172;3.17614;1.85456;1.32158
20;2;1;RANDOMENEMY;0;0;0;0;0;0;2594;58;55;299;48;946;2.7631;1.41902;1.34408
20;2;1;RANDOMFRIENDLY;3831;8;20;4;131;6;0;0;0;0;0;0;3.25225;1.91244;1.33981
20;2;1;ONESTACK;3923;54;0;0;0;0;0;23;0;0;0;0;3.26674;1.91476;1.35199
20;2;1;ONESTACKENEMYFIRST;1924;123;0;0;0;0;1903;50;0;0;0;0;3.0834;1.72685;1.35655
20;2;1;ONESTACKENEMY;0;0;0;0;0;0;2946;113;37;235;35;634;2.83683;1.46672;1.37012
20;2;1;ONESTACKFRIENDLY;3938;62;0;0;0;0;0;0;0;0;0;0;3.26169;1.91468;1.34701
20;2;1;TWOSTACKS;2947;40;334;0;0;0;0;17;662;0;0;0;3.05595;1.74399;1.31196
20;2;1;TWOSTACKSENEMYFIRST;1474;85;727;0;0;0;1193;22;499;0;0;0;2.95733;1.66288;1.29446
20;2;1;TWOSTACKSENEMY;0;0;0;0;0;0;2901;92;138;207;37;625;2.82076;1.45216;1.3686
20;2;1;TWOSTACKSFRIENDLY;3647;58;295;0;0;0;0;0;0;0;0;0;3.23905;1.90405;1.335
20;2;1;THREESTACKS;2718;46;284;57;0;0;0;4;514;377;0;0;2.96553;1.69295;1.27259
20;2;1;THREESTACKSENEMYFIRST;1109;77;694;68;0;0;1308;9;339;396;0;0;2.87348;1.60055;1.27294
20;2;1;THREESTACKSENEMY;0;0;0;0;0;0;2731;56;45;641;33;494;2.83548;1.46253;1.37294
20;2;1;THREESTACKSFRIENDLY;3603;62;304;31;0;0;0;0;0;0;0;0;3.23924;1.91308;1.32616
20;2;1;LOWEST;4000;0;0;0;0;0;0;0;0;0;0;0;3.26125;1.92038;1.34087
20;2;1;LOWESTENEMYFIRST;1941;0;0;0;0;0;2059;0;0;0;0;0;3.1166;1.74403;1.37257
20;2;1;LOWESTENEMY;0;0;0;0;0;0;2983;59;41;408;37;472;2.84816;1.46593;1.38223
20;2;1;LOWESTFRIENDLY;4000;0;0;0;0;0;0;0;0;0;0;0;3.26265;1.9233;1.33934
20;3;1;FOCUSFRIENDLY;3772;16;61;15;131;5;0;0;0;0;0;0;4.40612;2.56977;1.83635
20;3;1;FOCUSENEMY;0;0;0;0;0;0;2246;131;133;465;86;939;4.00749;2.07636;1.93113
20;3;1;RANDOM;3132;16;51;12;199;13;178;6;84;48;58;203;4.30636;2.46686;1.83951
20;3;1;RANDOMENEMY;0;0;0;0;0;0;2364;137;114;371;110;904;4.0313;2.08863;1.94267
20;3;1;RANDOMFRIENDLY;3732;16;57;14;171;10;0;0;0;0;0;0;4.37021;2.54907;1.82114
20;3;1;ONESTACK;3616;220;0;0;0;0;0;164;0;0;0;0;4.47;2.57464;1.89537
20;3;1;ONESTACKENEMYFIRST;1220;362;0;0;0;0;2171;247;0;0;0;0;4.40241;2.42632;1.9761
20;3;1;ONESTACKENEMY;0;0;0;0;0;0;2933;354;52;186;38;437;4.14145;2.16441;1.97704
20;3;1;ONESTACKFRIENDLY;3760;240;0;0;0;0;0;0;0;0;0;0;4.45886;2.59357;1.86529
20;3;1;TWOSTACKS;2239;103;779;0;0;0;0;77;802;0;0;0;4.28435;2.40016;1.88419
20;3;1;TWOSTACKSENEMYFIRST;897;166;995;0;0;0;1168;92;682;0;0;0;4.17687;2.3078;1.86907
20;3;1;TWOSTACKSENEMY;0;0;0;0;0;0;2772;233;345;198;34;418;4.14205;2.15565;1.9864
20;3;1;TWOSTACKSFRIENDLY;3129;136;735;0;0;0;0;0;0;0;0;0;4.45591;2.58928;1.86663
20;3;1;THREESTACKS;1785;89;653;144;0;0;0;44;471;814;0;0;4.05885;2.26041;1.79845
20;3;1;THREESTACKSENEMYFIRST;520;122;830;166;0;0;1069;47;362;884;0;0;4.01592;2.1901;1.82582
20;3;1;THREESTACKSENEMY;0;0;0;0;0;0;2389;133;201;1023;26;228;4.12177;2.13992;1.98185
20;3;1;THREESTACKSFRIENDLY;2982;156;676;186;0;0;0;0;0;0;0;0;4.49195;2.61449;1.87746
20;3;1;LOWEST;4000;0;0;0;0;0;0;0;0;0;0;0;4.41736;2.5856;1.83176
20;3;1;LOWESTENEMYFIRST;1317;0;0;0;0;0;2683;0;0;0;0;0;4.3659;2.39309;1.97281
20;3;1;LOWESTENEMY;0;0;0;0;0;0;3145;126;88;395;48;198;4.16562;2.17317;1.99245
20;3;1;LOWESTFRIENDLY;4000;0;0;0;0;0;0;0;0;0;0;0;4.39539;2.55919;1.8362
20;4;1;FOCUSFRIENDLY;3699;35;74;22;159;11;0;0;0;0;0;0;5.04985;2.94094;2.1089
20;4;1;FOCUSENEMY;0;0;0;0;0;0;2253;198;177;427;129;816;4.99216;2.58247;2.40969
20;4;1;RANDOM;2945;27;88;29;204;21;266;22;103;63;46;186;5.15037;2.92846;2.22192
20;4;1;RANDOMENEMY;0;0;0;0;0;0;2359;187;164;395;120;775;5.04187;2.61663;2.42524
20;4;1;RANDOMFRIENDLY;3619;35;89;24;211;22;0;0;0;0;0;0;5.18628;3.01123;2.17505
20;4;1;ONESTACK;3159;452;0;0;0;0;0;389;0;0;0;0;5.51475;3.14599;2.36876
20;4;1;ONESTACKENEMYFIRST;822;584;0;0;0;0;2084;510;0;0;0;0;5.57367;3.04435;2.52932
20;4;1;ONESTACKENEMY;0;0;0;0;0;0;2942;571;47;131;54;255;5.29728;2.78616;2.51112
20;4;1;ONESTACKFRIENDLY;3624;376;0;0;0;0;0;0;0;0;0;0;5.34296;3.07968;2.26328
20;4;1;TWOSTACKS;1726;193;1087;0;0;0;0;160;834;0;0;0;5.41974;3.00286;2.41688
20;4;1;TWOSTACKSENEMYFIRST;541;217;1187;0;0;0;1029;175;851;0;0;0;5.29868;2.8823;2.41638
20;4;1;TWOSTACKSENEMY;0;0;0;0;0;0;2642;378;569;133;29;249;5.36052;2.8131;2.54742
20;4;1;TWOSTACKSFRIENDLY;2708;255;1037;0;0;0;0;0;0;0;0;0;5.55274;3.1856;2.36714
20;4;1;THREESTACKS;1099;121;857;331;0;0;0;83;405;1104;0;0;5.15135;2.81806;2.3333
20;4;1;THREESTACKSENEMYFIRST;205;127;862;309;0;0;754;106;393;1244;0;0;5.15804;2.77357;2.38447
20;4;1;THREESTACKSENEMY;0;0;0;0;0;0;2103;173;258;1358;8;100;5.34942;2.79213;2.55729
20;4;1;THREESTACKSFRIENDLY;2611;211;892;286;0;0;0;0;0;0;0;0;5.35455;3.09245;2.2621
20;4;1;LOWEST;4000;0;0;0;0;0;0;0;0;0;0;0;5.05792;2.95028;2.10764
20;4;1;LOWESTENEMYFIRST;970;0;0;0;0;0;3030;0;0;0;0;0;5.45604;2.94922;2.50682
20;4;1;LOWESTENEMY;0;0;0;0;0;0;3262;182;126;300;55;75;5.1878;2.7034;2.4844
20;4;1;LOWESTFRIENDLY;4000;0;0;0;0;0;0;0;0;0;0;0;5.17834;3.00531;2.17303
20;5;1;FOCUSFRIENDLY;3766;36;66;21;104;7;0;0;0;0;0;0;4.91947;2.89131;2.02816
20;5;1;FOCUSENEMY;0;0;0;0;0;0;2276;252;207;440;126;699;5.83676;3.01;2.82676
20;5;1;RANDOM;2801;57;102;32;207;15;322;30;141;61;61;171;5.87116;3.30604;2.56512
20;5;1;RANDOMENEMY;0;0;0;0;0;0;2548;203;175;359;122;593;5.60216;2.88123;2.72094
20;5;1;RANDOMFRIENDLY;3706;44;83;28;121;18;0;0;0;0;0;0;4.9937;2.93091;2.06279
20;5;1;ONESTACK;2595;735;0;0;0;0;0;670;0;0;0;0;6.40119;3.59046;2.81073
20;5;1;ONESTACKENEMYFIRST;521;799;0;0;0;0;1891;789;0;0;0;0;6.45323;3.48184;2.97139
20;5;1;ONESTACKENEMY;0;0;0;0;0;0;3038;677;24;86;24;151;5.80322;3.02742;2.7758
20;5;1;ONESTACKFRIENDLY;3496;504;0;0;0;0;0;0;0;0;0;0;5.71976;3.28278;2.43699
20;5;1;TWOSTACKS;1303;222;1340;0;0;0;0;231;904;0;0;0;6.49185;3.56728;2.92457
20;5;1;TWOSTACKSENEMYFIRST;337;242;1351;0;0;0;824;288;958;0;0;0;6.37315;3.44231;2.93084
20;5;1;TWOSTACKSENEMY;0;0;0;0;0;0;2601;454;725;65;20;135;6.10114;3.1678;2.93334
20;5;1;TWOSTACKSFRIENDLY;2588;301;1111;0;0;0;0;0;0;0;0;0;6.16754;3.52025;2.64729
20;5;1;THREESTACKS;656;125;954;510;0;0;0;100;336;1319;0;0;6.21213;3.3662;2.84593
20;5;1;THREESTACKSENEMYFIRST;110;154;905;410;0;0;503;98;405;1415;0;0;6.18204;3.30752;2.87451
20;5;1;THREESTACKSENEMY;0;0;0;0;0;0;1981;196;355;1432;6;30;6.17884;3.21475;2.9641
20;5;1;THREESTACKSFRIENDLY;2341;223;996;440;0;0;0;0;0;0;0;0;6.17481;3.52665;2.64816
20;5;1;LOWEST;4000;0;0;0;0;0;0;0;0;0;0;0;4.97871;2.93737;2.04134
20;5;1;LOWESTENEMYFIRST;491;0;0;0;0;0;3509;0;0;0;0;0;5.49093;2.88502;2.6059
20;5;1;LOWESTENEMY;0;0;0;0;0;0;3508;178;99;182;13;20;5.63583;2.91115;2.72468
20;5;1;LOWESTFRIENDLY;4000;0;0;0;0;0;0;0;0;0;0;0;4.96148;2.92951;2.03197
20;6;1;FOCUSFRIENDLY;3890;21;33;14;35;7;0;0;0;0;0;0;3.89241;2.37346;1.51895
20;6;1;FOCUSENEMY;0;0;0;0;0;0;2840;199;155;282;103;421;5.51937;2.76861;2.75075
20;6;1;RANDOM;2703;55;117;32;124;15;541;40;156;54;64;99;5.42989;3.04626;2.38363
20;6;1;RANDOMENEMY;0;0;0;0;0;0;3100;163;122;233;79;303;5.21308;2.60328;2.60979
20;6;1;RANDOMFRIENDLY;3870;33;36;12;45;4;0;0;0;0;0;0;3.79014;2.31973;1.47041
20;6;1;ONESTACK;2181;966;0;0;0;0;0;853;0;0;0;0;6.93678;3.85088;3.0859
20;6;1;ONESTACKENEMYFIRST;316;962;0;0;0;0;1605;1117;0;0;0;0;7.22471;3.86746;3.35725
20;6;1;ONESTACKENEMY;0;0;0;0;0;0;3165;684;19;49;14;69;5.66416;2.89408;2.77008
20;6;1;ONESTACKFRIENDLY;3621;379;0;0;0;0;0;0;0;0;0;0;4.62263;2.72778;1.89485
20;6;1;TWOSTACKS;953;282;1586;0;0;0;0;271;908;0;0;0;7.62334;4.16128;3.46206
20;6;1;TWOSTACKSENEMYFIRST;197;261;1442;0;0;0;681;306;1113;0;0;0;7.38704;3.95709;3.42994
20;6;1;TWOSTACKSENEMY;0;0;0;0;0;0;2692;492;710;33;12;61;6.32729;3.23032;3.09697
20;6;1;TWOSTACKSFRIENDLY;2692;329;979;0;0;0;0;0;0;0;0;0;6.05418;3.47198;2.5822
20;6;1;THREESTACKS;389;136;966;690;0;0;0;86;328;1405;0;0;7.22803;3.88378;3.34425
20;6;1;THREESTACKSENEMYFIRST;42;130;851;522;0;0;334;106;432;1583;0;0;7.18385;3.80652;3.37733
20;6;1;THREESTACKSENEMY;0;0;0;0;0;0;2038;236;344;1373;2;7;6.6653;3.42104;3.24426
20;6;1;THREESTACKSFRIENDLY;2697;223;698;382;0;0;0;0;0;0;0;0;5.72914;3.3089;2.42024
20;6;1;LOWEST;4000;0;0;0;0;0;0;0;0;0;0;0;3.94519;2.39057;1.55462
20;6;1;LOWESTENEMYFIRST;213;0;0;0;0;0;3787;0;0;0;0;0;4.83245;2.41054;2.42191
20;6;1;LOWESTENEMY;0;0;0;0;0;0;3743;133;56;59;6;3;5.17808;2.58941;2.58868
20;6;1;LOWESTFRIENDLY;4000;0;0;0;0;0;0;0;0;0;0;0;3.82374;2.34043;1.48331
20;7;1;FOCUSFRIENDLY;3888;18;29;17;45;3;0;0;0;0;0;0;3.89858;2.36448;1.53409
20;7;1;FOCUSENEMY;0;0;0;0;0;0;3450;101;90;136;63;160;4.46605;2.13624;2.32981
20;7;1;RANDOM;2709;53;111;20;69;11;670;42;184;34;49;48;4.62146;2.59817;2.02329
20;7;1;RANDOMENEMY;0;0;0;0;0;0;3567;89;67;108;38;131;4.25103;2.00106;2.24997
20;7;1;RANDOMFRIENDLY;3927;16;21;11;20;5;0;0;0;0;0;0;3.36983;2.0879;1.28194
20;7;1;ONESTACK;1762;1196;0;0;0;0;0;1042;0;0;0;0;7.19243;3.94702;3.2454
20;7;1;ONESTACKENEMYFIRST;181;1107;0;0;0;0;1447;1265;0;0;0;0;7.68463;4.07996;3.60467
20;7;1;ONESTACKENEMY;0;0;0;0;0;0;3675;314;2;3;1;5;3.93408;1.8464;2.08768
20;7;1;ONESTACKFRIENDLY;3702;298;0;0;0;0;0;0;0;0;0;0;3.87979;2.34319;1.5366
20;7;1;TWOSTACKS;693;246;1832;0;0;0;0;242;987;0;0;0;8.58055;4.65953;3.92102
20;7;1;TWOSTACKSENEMYFIRST;129;267;1436;0;0;0;522;325;1321;0;0;0;8.48099;4.51578;3.96522
20;7;1;TWOSTACKSENEMY;0;0;0;0;0;0;2860;446;644;17;5;28;6.36001;3.19739;3.16262
20;7;1;TWOSTACKSFRIENDLY;3155;253;592;0;0;0;0;0;0;0;0;0;5.02467;2.94453;2.08013
20;7;1;THREESTACKS;186;108;999;871;0;0;0;67;294;1475;0;0;8.19451;4.3786;3.81591
20;7;1;THREESTACKSENEMYFIRST;9;104;756;645;0;0;213;91;423;1759;0;0;8.13707;4.28519;3.85188
20;7;1;THREESTACKSENEMY;0;0;0;0;0;0;2556;179;289;973;0;3;6.02957;3.00826;3.02131
20;7;1;THREESTACKSFRIENDLY;3281;129;368;222;0;0;0;0;0;0;0;0;4.42279;2.62919;1.79359
20;7;1;LOWEST;4000;0;0;0;0;0;0;0;0;0;0;0;3.22056;2.01192;1.20864
20;7;1;LOWESTENEMYFIRST;66;0;0;0;0;0;3934;0;0;0;0;0;3.86395;1.79572;2.06822
20;7;1;LOWESTENEMY;0;0;0;0;0;0;3930;43;17;9;1;0;3.80661;1.76752;2.03909
20;7;1;LOWESTFRIENDLY;4000;0;0;0;0;0;0;0;0;0;0;0;3.20182;2.003;1.19882
20;8;1;FOCUSFRIENDLY;3970;11;8;3;8;0;0;0;0;0;0;0;3.09025;1.93692;1.15333
20;8;1;FOCUSENEMY;0;0;0;0;0;0;3882;32;25;31;6;24;3.31191;1.45704;1.85487
20;8;1;RANDOM;2665;26;95;12;37;6;893;33;167;14;22;30;3.82259;2.12696;1.69563
20;8;1;RANDOMENEMY;0;0;0;0;0;0;3846;38;29;37;12;38;3.39934;1.48645;1.91289
20;8;1;RANDOMFRIENDLY;3942;20;15;6;13;4;0;0;0;0;0;0;3.24839;2.01684;1.23155
20;8;1;ONESTACK;1450;1337;0;0;0;0;0;1213;0;0;0;0;7.08668;3.85638;3.23031
20;8;1;ONESTACKENEMYFIRST;111;1293;0;0;0;0;1193;1403;0;0;0;0;7.39672;3.88608;3.51063
20;8;1;ONESTACKENEMY;0;0;0;0;0;0;3608;372;4;5;2;9;4.32763;2.03985;2.28779
20;8;1;ONESTACKFRIENDLY;3759;241;0;0;0;0;0;0;0;0;0;0;3.70284;2.24882;1.45402
20;8;1;TWOSTACKS;473;263;1970;0;0;0;0;321;973;0;0;0;9.54158;5.15123;4.39036
20;8;1;TWOSTACKSENEMYFIRST;94;250;1465;0;0;0;414;331;1446;0;0;0;9.34775;4.93331;4.41445
20;8;1;TWOSTACKSENEMY;0;0;0;0;0;0;3470;194;331;1;2;2;4.32405;2.01607;2.30798
20;8;1;TWOSTACKSFRIENDLY;3620;152;228;0;0;0;0;0;0;0;0;0;3.68516;2.2398;1.44536
20;8;1;THREESTACKS;134;102;932;975;0;0;0;72;303;1482;0;0;8.77924;4.6473;4.13194
20;8;1;THREESTACKSENEMYFIRST;2;84;678;692;0;0;122;56;463;1903;0;0;9.12701;4.77624;4.35077
20;8;1;THREESTACKSENEMY;0;0;0;0;0;0;3126;112;170;592;0;0;4.9099;2.33903;2.57088
20;8;1;THREESTACKSFRIENDLY;3598;109;166;127;0;0;0;0;0;0;0;0;3.73102;2.262;1.46903
20;8;1;LOWEST;4000;0;0;0;0;0;0;0;0;0;0;0;3.07893;1.92685;1.15209
20;8;1;LOWESTENEMYFIRST;13;0;0;0;0;0;3987;0;0;0;0;0;3.29955;1.43786;1.86169
20;8;1;LOWESTENEMY;0;0;0;0;0;0;3980;15;3;2;0;0;3.42607;1.50611;1.91996
20;8;1;LOWESTFRIENDLY;4000;0;0;0;0;0;0;0;0;0;0;0;3.18229;1.98736;1.19493
20;9;1;FOCUSFRIENDLY;3981;7;5;4;2;1;0;0;0;0;0;0;3.00772;1.89809;1.10963
20;9;1;FOCUSENEMY;0;0;0;0;0;0;3911;31;21;14;3;20;3.15467;1.33801;1.81666
20;9;1;RANDOM;2632;33;82;11;27;3;972;38;136;21;32;13;3.6102;2.00383;1.60637
20;9;1;RANDOMENEMY;0;0;0;0;0;0;3924;24;21;16;5;10;3.18384;1.34491;1.83892
20;9;1;RANDOMFRIENDLY;3974;13;4;3;4;2;0;0;0;0;0;0;3.00178;1.88977;1.11201
20;9;1;ONESTACK;1297;1454;0;0;0;0;0;1249;0;0;0;0;6.4068;3.46428;2.94252
20;9;1;ONESTACKENEMYFIRST;31;1392;0;0;0;0;1089;1488;0;0;0;0;6.42224;3.3047;3.11754
20;9;1;ONESTACKENEMY;0;0;0;0;0;0;3779;217;1;3;0;0;3.60376;1.60731;1.99645
20;9;1;ONESTACKFRIENDLY;3816;184;0;0;0;0;0;0;0;0;0;0;3.36714;2.05841;1.30873
20;9;1;TWOSTACKS;347;222;2112;0;0;0;0;252;1067;0;0;0;10.2093;5.47995;4.7293
20;9;1;TWOSTACKSENEMYFIRST;44;256;1521;0;0;0;285;311;1583;0;0;0;10.1333;5.32588;4.8074
20;9;1;TWOSTACKSENEMY;0;0;0;0;0;0;3623;186;190;0;0;1;3.7629;1.68485;2.07805
20;9;1;TWOSTACKSFRIENDLY;3730;120;150;0;0;0;0;0;0;0;0;0;3.34929;2.0608;1.28848
20;9;1;THREESTACKS;94;63;903;1096;0;0;0;54;331;1459;0;0;9.37845;4.9547;4.42375
20;9;1;THREESTACKSENEMYFIRST;0;72;657;762;0;0;92;59;494;1864;0;0;9.69342;5.05164;4.64178
20;9;1;THREESTACKSENEMY;0;0;0;0;0;0;3566;98;99;237;0;0;3.77352;1.68776;2.08576
20;9;1;THREESTACKSFRIENDLY;3684;100;116;100;0;0;0;0;0;0;0;0;3.51922;2.15044;1.36878
20;9;1;LOWEST;4000;0;0;0;0;0;0;0;0;0;0;0;2.92467;1.85148;1.07319
20;9;1;LOWESTENEMYFIRST;9;0;0;0;0;0;3991;0;0;0;0;0;3.16563;1.34228;1.82335
20;9;1;LOWESTENEMY;0;0;0;0;0;0;3988;10;1;1;0;0;3.18911;1.35103;1.83808
20;9;1;LOWESTFRIENDLY;4000;0;0;0;0;0;0;0;0;0;0;0;3.01173;1.89605;1.11568
20;10;1;FOCUSFRIENDLY;3994;4;2;0;0;0;0;0;0;0;0;0;2.79249;1.78703;1.00546
20;10;1;FOCUSENEMY;0;0;0;0;0;0;3965;13;8;6;4;4;2.96278;1.21228;1.7505
20;10;1;RANDOM;2529;37;77;9;15;1;1125;43;136;8;18;2;3.18397;1.75269;1.43128
20;10;1;RANDOMENEMY;0;0;0;0;0;0;3966;15;7;8;1;3;2.96385;1.20698;1.75688
20;10;1;RANDOMFRIENDLY;3983;8;4;2;2;1;0;0;0;0;0;0;2.88611;1.82854;1.05757
20;10;1;ONESTACK;1383;1383;0;0;0;0;0;1234;0;0;0;0;5.47179;2.96349;2.5083
20;10;1;ONESTACKENEMYFIRST;20;1435;0;0;0;0;1014;1531;0;0;0;0;6.25298;3.20672;3.04626
20;10;1;ONESTACKENEMY;0;0;0;0;0;0;3884;116;0;0;0;0;3.08914;1.29649;1.79265
20;10;1;ONESTACKFRIENDLY;3890;110;0;0;0;0;0;0;0;0;0;0;3.02103;1.88627;1.13475
20;10;1;TWOSTACKS;240;234;2193;0;0;0;0;226;1107;0;0;0;10.7434;5.71941;5.024
20;10;1;TWOSTACKSENEMYFIRST;30;221;1513;0;0;0;210;281;1745;0;0;0;10.7149;5.58155;5.13338
20;10;1;TWOSTACKSENEMY;0;0;0;0;0;0;3758;119;123;0;0;0;3.3542;1.43457;1.91963
20;10;1;TWOSTACKSFRIENDLY;3829;102;69;0;0;0;0;0;0;0;0;0;3.0925;1.92687;1.16563
20;10;1;THREESTACKS;59;52;862;1205;0;0;0;44;307;1471;0;0;10.2506;5.38344;4.86711
20;10;1;THREESTACKSENEMYFIRST;0;65;603;857;0;0;70;31;530;1844;0;0;10.052;5.1904;4.86158
20;10;1;THREESTACKSENEMY;0;0;0;0;0;0;3822;83;46;49;0;0;3.08459;1.27857;1.80602
20;10;1;THREESTACKSFRIENDLY;3866;78;28;28;0;0;0;0;0;0;0;0;2.94741;1.84745;1.09996
20;10;1;LOWEST;4000;0;0;0;0;0;0;0;0;0;0;0;2.8377;1.81232;1.02538
20;10;1;LOWESTENEMYFIRST;0;0;0;0;0;0;4000;0;0;0;0;0;2.92157;1.18877;1.73279
20;10;1;LOWESTENEMY;0;0;0;0;0;0;3999;1;0;0;0;0;2.92522;1.19481;1.7304
20;10;1;LOWESTFRIENDLY;4000;0;0;0;0;0;0;0;0;0;0;0;2.84167;1.8099;1.03177
